,Date,Live,Win,Lose
0,2022-10-23 09:27:28,False,1.47,2.49
1,2022-10-23 09:27:48,False,1.47,2.49
2,2022-10-23 09:28:03,False,1.47,2.49
3,2022-10-23 09:28:17,False,1.47,2.49
4,2022-10-23 09:28:34,False,1.47,2.49
5,2022-10-23 09:28:49,False,1.47,2.49
6,2022-10-23 09:29:04,False,1.47,2.49
7,2022-10-23 09:29:19,False,1.47,2.49
8,2022-10-23 09:29:34,False,1.47,2.49
9,2022-10-23 09:29:49,False,1.47,2.49
10,2022-10-23 09:30:04,False,1.47,2.49
11,2022-10-23 09:30:19,False,1.47,2.49
12,2022-10-23 09:30:34,False,1.47,2.49
13,2022-10-23 09:30:49,False,1.47,2.49
14,2022-10-23 09:31:04,False,1.47,2.49
15,2022-10-23 09:31:19,False,1.47,2.49
16,2022-10-23 09:31:33,False,1.47,2.49
17,2022-10-23 09:31:48,False,1.47,2.49
18,2022-10-23 09:32:03,False,1.47,2.49
19,2022-10-23 09:32:18,False,1.47,2.49
20,2022-10-23 09:32:33,False,1.47,2.49
21,2022-10-23 09:32:48,False,1.47,2.49
22,2022-10-23 09:33:03,False,1.47,2.49
23,2022-10-23 09:33:18,False,1.47,2.49
24,2022-10-23 09:33:33,False,1.47,2.49
25,2022-10-23 09:33:48,False,1.47,2.49
26,2022-10-23 09:34:03,False,1.47,2.49
27,2022-10-23 09:34:18,False,1.47,2.49
28,2022-10-23 09:34:33,False,1.47,2.49
29,2022-10-23 09:34:48,False,1.47,2.49
30,2022-10-23 09:35:03,False,1.47,2.49
31,2022-10-23 09:35:19,False,1.47,2.49
32,2022-10-23 09:35:34,False,1.47,2.49
33,2022-10-23 09:35:49,False,1.47,2.49
34,2022-10-23 09:36:04,False,1.47,2.49
35,2022-10-23 09:36:19,False,1.47,2.49
36,2022-10-23 09:36:34,False,1.47,2.49
37,2022-10-23 09:36:49,False,1.47,2.49
38,2022-10-23 09:37:04,False,1.47,2.49
39,2022-10-23 09:37:18,False,1.47,2.49
40,2022-10-23 09:37:33,False,1.47,2.49
41,2022-10-23 09:37:48,False,1.47,2.49
42,2022-10-23 09:38:03,False,1.47,2.49
43,2022-10-23 09:38:18,False,1.47,2.49
44,2022-10-23 09:38:33,False,1.47,2.49
45,2022-10-23 09:38:48,False,1.47,2.49
46,2022-10-23 09:39:02,False,1.47,2.49
47,2022-10-23 09:39:17,False,1.47,2.49
48,2022-10-23 09:39:32,False,1.47,2.49
49,2022-10-23 09:39:47,False,1.47,2.49
50,2022-10-23 09:40:02,False,1.47,2.49
51,2022-10-23 09:40:17,False,1.47,2.49
52,2022-10-23 09:40:32,False,1.47,2.49
53,2022-10-23 09:40:48,False,1.47,2.49
54,2022-10-23 09:41:03,False,1.47,2.49
55,2022-10-23 09:41:18,False,1.47,2.49
56,2022-10-23 09:41:33,False,1.47,2.49
57,2022-10-23 09:41:48,False,1.47,2.49
58,2022-10-23 09:42:03,False,1.47,2.49
59,2022-10-23 09:42:18,False,1.47,2.49
60,2022-10-23 09:42:33,False,1.47,2.49
61,2022-10-23 09:42:48,False,1.47,2.49
62,2022-10-23 09:43:03,False,1.47,2.49
63,2022-10-23 09:43:18,False,1.47,2.49
64,2022-10-23 09:43:33,False,1.47,2.49
65,2022-10-23 09:43:48,False,1.47,2.49
66,2022-10-23 09:44:03,False,1.47,2.49
67,2022-10-23 09:44:18,False,1.47,2.49
68,2022-10-23 09:44:34,False,1.47,2.49
69,2022-10-23 09:44:49,False,1.47,2.49
70,2022-10-23 09:45:04,False,1.47,2.49
71,2022-10-23 09:45:19,False,1.47,2.49
72,2022-10-23 09:45:34,False,1.47,2.49
73,2022-10-23 09:45:49,False,1.47,2.49
74,2022-10-23 09:46:07,False,1.47,2.49
75,2022-10-23 09:46:22,False,1.47,2.49
76,2022-10-23 09:46:38,False,1.47,2.49
77,2022-10-23 09:46:53,False,1.47,2.49
78,2022-10-23 09:47:08,False,1.47,2.49
79,2022-10-23 09:47:23,False,1.47,2.49
80,2022-10-23 09:47:38,False,1.47,2.49
81,2022-10-23 09:47:53,False,1.47,2.49
82,2022-10-23 09:48:08,False,1.47,2.49
83,2022-10-23 09:48:23,False,1.47,2.49
84,2022-10-23 09:48:38,False,1.47,2.49
85,2022-10-23 09:48:53,False,1.47,2.49
86,2022-10-23 09:49:09,False,1.47,2.49
87,2022-10-23 09:49:26,False,1.47,2.49
88,2022-10-23 09:49:42,False,1.47,2.49
89,2022-10-23 09:50:01,False,1.47,2.49
90,2022-10-23 09:50:17,False,1.47,2.49
91,2022-10-23 09:50:32,False,1.47,2.49
92,2022-10-23 09:50:47,False,1.47,2.49
93,2022-10-23 09:51:04,False,1.47,2.49
94,2022-10-23 09:51:20,False,1.47,2.49
95,2022-10-23 09:51:35,False,1.47,2.49
96,2022-10-23 09:51:50,False,1.47,2.49
97,2022-10-23 09:52:57,False,1.47,2.49
98,2022-10-23 09:53:13,False,1.47,2.49
99,2022-10-23 09:53:28,False,1.47,2.49
100,2022-10-23 09:53:43,False,1.47,2.49
101,2022-10-23 09:54:00,False,1.47,2.49
102,2022-10-23 09:54:15,False,1.47,2.49
103,2022-10-23 09:54:30,False,1.47,2.49
104,2022-10-23 09:54:46,False,1.47,2.49
105,2022-10-23 09:55:28,False,1.47,2.49
106,2022-10-23 09:55:44,False,1.47,2.49
107,2022-10-23 09:55:59,False,1.47,2.49
108,2022-10-23 09:56:14,False,1.47,2.49
109,2022-10-23 09:56:30,False,1.47,2.49
110,2022-10-23 09:56:46,False,1.47,2.49
111,2022-10-23 09:57:01,False,1.47,2.49
112,2022-10-23 09:57:17,False,1.47,2.49
113,2022-10-23 09:57:32,False,1.47,2.49
114,2022-10-23 09:57:48,False,1.47,2.49
115,2022-10-23 09:58:03,False,1.47,2.49
116,2022-10-23 09:58:18,False,1.47,2.49
117,2022-10-23 09:58:33,False,1.47,2.49
118,2022-10-23 09:59:11,False,1.47,2.49
119,2022-10-23 09:59:26,False,1.47,2.49
120,2022-10-23 09:59:42,False,1.47,2.49
121,2022-10-23 09:59:58,False,1.47,2.49
122,2022-10-23 10:00:14,False,1.47,2.49
123,2022-10-23 10:00:29,False,1.47,2.49
124,2022-10-23 10:00:44,False,1.47,2.49
125,2022-10-23 10:00:59,False,1.47,2.49
126,2022-10-23 10:01:14,False,1.47,2.49
127,2022-10-23 10:01:30,False,1.47,2.49
128,2022-10-23 10:01:46,False,1.47,2.49
129,2022-10-23 10:02:05,False,1.47,2.49
130,2022-10-23 10:02:20,False,1.47,2.49
131,2022-10-23 10:02:35,False,1.47,2.49
132,2022-10-23 10:02:51,False,1.47,2.49
133,2022-10-23 10:03:06,False,1.47,2.49
134,2022-10-23 10:03:22,False,1.47,2.49
135,2022-10-23 10:03:37,False,1.47,2.49
136,2022-10-23 10:03:52,False,1.47,2.49
137,2022-10-23 10:04:07,False,1.47,2.49
138,2022-10-23 10:04:22,False,1.47,2.49
139,2022-10-23 10:04:37,False,1.47,2.49
140,2022-10-23 10:04:52,False,1.47,2.49
141,2022-10-23 10:05:07,False,1.47,2.49
142,2022-10-23 10:05:24,False,1.47,2.49
143,2022-10-23 10:05:40,False,1.47,2.49
144,2022-10-23 10:05:54,False,1.47,2.49
145,2022-10-23 10:06:10,False,1.47,2.49
146,2022-10-23 10:06:26,False,1.47,2.49
147,2022-10-23 10:06:41,False,1.47,2.49
148,2022-10-23 10:06:56,False,1.47,2.49
149,2022-10-23 10:07:11,False,1.47,2.49
150,2022-10-23 10:07:26,False,1.47,2.49
151,2022-10-23 10:07:41,False,1.47,2.49
152,2022-10-23 10:07:56,False,1.47,2.49
153,2022-10-23 10:08:11,False,1.47,2.49
154,2022-10-23 10:08:26,False,1.47,2.49
155,2022-10-23 10:08:42,False,1.47,2.49
156,2022-10-23 10:08:57,False,1.47,2.49
157,2022-10-23 10:09:11,False,1.47,2.49
158,2022-10-23 10:09:27,False,1.47,2.49
159,2022-10-23 10:09:42,False,1.47,2.49
160,2022-10-23 10:09:57,False,1.47,2.49
161,2022-10-23 10:10:47,False,1.47,2.49
162,2022-10-23 10:11:02,False,1.47,2.49
163,2022-10-23 10:11:17,False,1.47,2.49
164,2022-10-23 10:11:32,False,1.47,2.49
165,2022-10-23 10:12:19,False,1.47,2.49
166,2022-10-23 10:12:34,False,1.47,2.49
167,2022-10-23 10:12:48,False,1.47,2.49
168,2022-10-23 10:13:03,False,1.47,2.49
169,2022-10-23 10:13:19,False,1.47,2.49
170,2022-10-23 10:13:34,False,1.47,2.49
171,2022-10-23 10:13:50,False,1.47,2.49
172,2022-10-23 10:14:05,False,1.47,2.49
173,2022-10-23 10:14:20,False,1.47,2.49
174,2022-10-23 10:14:35,False,1.47,2.49
175,2022-10-23 10:14:51,False,1.47,2.49
176,2022-10-23 10:15:06,False,1.47,2.49
177,2022-10-23 10:15:21,False,1.47,2.49
178,2022-10-23 10:15:36,False,1.47,2.49
179,2022-10-23 10:15:52,False,1.47,2.49
180,2022-10-23 10:16:07,False,1.47,2.49
181,2022-10-23 10:16:22,False,1.47,2.49
182,2022-10-23 10:16:37,False,1.47,2.49
183,2022-10-23 10:16:52,False,1.47,2.49
184,2022-10-23 10:17:07,False,1.47,2.49
185,2022-10-23 10:17:22,False,1.47,2.49
186,2022-10-23 10:17:36,False,1.47,2.49
187,2022-10-23 10:17:51,False,1.47,2.49
188,2022-10-23 10:18:07,False,1.47,2.49
189,2022-10-23 10:18:22,False,1.47,2.49
190,2022-10-23 10:18:37,False,1.47,2.49
191,2022-10-23 10:18:52,False,1.47,2.49
192,2022-10-23 10:19:07,False,1.47,2.49
193,2022-10-23 10:19:22,False,1.47,2.49
194,2022-10-23 10:19:37,False,1.47,2.49
195,2022-10-23 10:19:52,False,1.47,2.49
196,2022-10-23 10:20:07,False,1.47,2.49
197,2022-10-23 10:20:22,False,1.47,2.49
198,2022-10-23 10:20:37,False,1.47,2.49
199,2022-10-23 10:20:52,False,1.47,2.49
200,2022-10-23 10:21:07,False,1.47,2.49
201,2022-10-23 10:21:25,False,1.47,2.49
202,2022-10-23 10:21:40,False,1.47,2.49
203,2022-10-23 10:21:55,False,1.47,2.49
204,2022-10-23 10:22:10,False,1.47,2.49
205,2022-10-23 10:22:26,False,1.47,2.49
206,2022-10-23 10:22:41,False,1.47,2.49
207,2022-10-23 10:22:56,False,1.47,2.49
208,2022-10-23 10:23:11,False,1.47,2.49
209,2022-10-23 10:23:26,False,1.47,2.49
210,2022-10-23 10:23:41,False,1.47,2.49
211,2022-10-23 10:23:56,False,1.47,2.49
212,2022-10-23 10:24:11,False,1.47,2.49
213,2022-10-23 10:24:26,False,1.47,2.49
214,2022-10-23 10:24:41,False,1.47,2.49
215,2022-10-23 10:24:56,False,1.47,2.49
216,2022-10-23 10:25:11,False,1.47,2.49
217,2022-10-23 10:25:26,False,1.47,2.49
218,2022-10-23 10:25:41,False,1.47,2.49
219,2022-10-23 10:25:56,False,1.47,2.49
220,2022-10-23 10:26:11,False,1.47,2.49
221,2022-10-23 10:26:26,False,1.47,2.49
222,2022-10-23 10:26:41,False,1.49,2.45
223,2022-10-23 10:26:57,False,1.49,2.45
224,2022-10-23 10:27:13,False,1.49,2.45
225,2022-10-23 10:27:29,False,1.49,2.45
226,2022-10-23 10:27:44,False,1.49,2.45
227,2022-10-23 10:27:58,False,1.49,2.45
228,2022-10-23 10:28:14,False,1.49,2.45
229,2022-10-23 10:28:29,False,1.49,2.45
230,2022-10-23 10:28:45,False,1.49,2.45
231,2022-10-23 10:28:59,False,1.49,2.45
232,2022-10-23 10:29:14,False,1.49,2.45
233,2022-10-23 10:29:30,False,1.49,2.45
234,2022-10-23 10:29:45,False,1.49,2.45
235,2022-10-23 10:30:02,False,1.49,2.45
236,2022-10-23 10:30:17,False,1.49,2.45
237,2022-10-23 10:30:32,False,1.49,2.45
238,2022-10-23 10:30:48,False,1.49,2.45
239,2022-10-23 10:31:03,False,1.49,2.45
240,2022-10-23 10:31:19,False,1.49,2.45
241,2022-10-23 10:31:34,False,1.49,2.45
242,2022-10-23 10:31:49,False,1.49,2.45
243,2022-10-23 10:32:05,False,1.49,2.45
244,2022-10-23 10:32:21,False,1.49,2.45
245,2022-10-23 10:32:35,False,1.49,2.45
246,2022-10-23 10:33:20,False,1.49,2.45
247,2022-10-23 10:33:35,False,1.49,2.45
248,2022-10-23 10:33:50,False,1.49,2.45
249,2022-10-23 10:34:05,False,1.49,2.45
250,2022-10-23 10:34:21,False,1.49,2.45
251,2022-10-23 10:34:36,False,1.49,2.45
252,2022-10-23 10:34:53,False,1.49,2.45
253,2022-10-23 10:35:08,False,1.49,2.45
254,2022-10-23 10:35:26,False,1.49,2.45
255,2022-10-23 10:35:42,False,1.49,2.45
256,2022-10-23 10:35:57,False,1.49,2.45
257,2022-10-23 10:36:13,False,1.49,2.45
258,2022-10-23 10:36:28,False,1.49,2.45
259,2022-10-23 10:36:43,False,1.49,2.45
260,2022-10-23 10:36:58,False,1.49,2.45
261,2022-10-23 10:37:14,False,1.49,2.45
262,2022-10-23 10:37:29,False,1.49,2.45
263,2022-10-23 10:37:45,False,1.49,2.45
264,2022-10-23 10:38:00,False,1.49,2.45
265,2022-10-23 10:38:16,False,1.49,2.45
266,2022-10-23 10:38:31,False,1.49,2.45
267,2022-10-23 10:38:46,False,1.49,2.45
268,2022-10-23 10:39:01,False,1.49,2.45
269,2022-10-23 10:39:16,False,1.49,2.45
270,2022-10-23 10:39:32,False,1.49,2.45
271,2022-10-23 10:39:47,False,1.49,2.45
272,2022-10-23 10:40:02,False,1.49,2.45
273,2022-10-23 10:40:18,False,1.49,2.45
274,2022-10-23 10:40:33,False,1.49,2.45
275,2022-10-23 10:40:49,False,1.49,2.45
276,2022-10-23 10:41:04,False,1.49,2.45
277,2022-10-23 10:41:19,False,1.49,2.45
278,2022-10-23 10:41:33,False,1.49,2.45
279,2022-10-23 10:41:48,False,1.49,2.45
280,2022-10-23 10:42:04,False,1.49,2.45
281,2022-10-23 10:42:19,False,1.49,2.45
282,2022-10-23 10:42:34,False,1.49,2.45
283,2022-10-23 10:42:51,False,1.49,2.45
284,2022-10-23 10:43:06,False,1.49,2.45
285,2022-10-23 10:43:22,False,1.49,2.45
286,2022-10-23 10:43:40,False,1.49,2.45
287,2022-10-23 10:43:58,False,1.49,2.45
288,2022-10-23 10:44:14,False,1.49,2.45
289,2022-10-23 10:44:30,False,1.49,2.45
290,2022-10-23 10:44:46,False,1.49,2.45
291,2022-10-23 10:45:01,False,1.49,2.45
292,2022-10-23 10:45:16,False,1.49,2.45
293,2022-10-23 10:45:32,False,1.49,2.45
294,2022-10-23 10:45:47,False,1.49,2.45
295,2022-10-23 10:46:02,False,1.49,2.45
296,2022-10-23 10:46:17,False,1.49,2.45
297,2022-10-23 10:46:32,False,1.49,2.45
298,2022-10-23 10:46:47,False,1.49,2.45
299,2022-10-23 10:47:03,False,1.49,2.45
300,2022-10-23 11:01:16,False,1.49,2.45
301,2022-10-23 11:01:31,False,1.49,2.45
302,2022-10-23 11:01:47,False,1.49,2.45
303,2022-10-23 11:02:02,False,1.49,2.45
304,2022-10-23 11:02:16,False,1.49,2.45
305,2022-10-23 11:02:32,False,1.49,2.45
306,2022-10-23 11:02:47,False,1.49,2.45
307,2022-10-23 11:03:02,False,1.49,2.45
308,2022-10-23 11:03:17,False,1.49,2.45
309,2022-10-23 11:03:32,False,1.49,2.45
310,2022-10-23 11:03:47,False,1.49,2.45
311,2022-10-23 11:04:02,False,1.49,2.45
312,2022-10-23 11:04:17,False,1.49,2.45
313,2022-10-23 11:04:32,False,1.49,2.45
314,2022-10-23 11:04:48,False,1.49,2.45
315,2022-10-23 11:05:03,False,1.49,2.45
316,2022-10-23 11:05:18,False,1.49,2.45
317,2022-10-23 11:05:33,False,1.49,2.45
318,2022-10-23 11:05:48,False,1.49,2.45
319,2022-10-23 11:06:03,False,1.49,2.45
320,2022-10-23 11:06:18,False,1.49,2.45
321,2022-10-23 11:06:33,False,1.49,2.45
322,2022-10-23 11:06:48,False,1.49,2.45
323,2022-10-23 11:39:36,False,1.48,2.45
324,2022-10-23 11:39:51,False,1.48,2.45
325,2022-10-23 11:40:06,False,1.48,2.45
326,2022-10-23 11:40:22,False,1.48,2.45
327,2022-10-23 11:40:37,False,1.48,2.45
328,2022-10-23 11:40:52,False,1.48,2.45
329,2022-10-23 11:41:07,False,1.48,2.45
330,2022-10-23 11:41:22,False,1.48,2.45
331,2022-10-23 11:41:37,False,1.48,2.45
332,2022-10-23 11:41:52,False,1.48,2.45
333,2022-10-23 11:42:07,False,1.48,2.45
334,2022-10-23 11:42:23,False,1.48,2.45
335,2022-10-23 11:42:38,False,1.48,2.45
336,2022-10-23 11:42:53,False,1.48,2.45
337,2022-10-23 11:43:08,False,1.48,2.45
338,2022-10-23 11:43:23,False,1.48,2.45
339,2022-10-23 11:43:38,False,1.48,2.45
340,2022-10-23 11:43:53,False,1.48,2.45
341,2022-10-23 11:44:08,False,1.48,2.45
342,2022-10-23 11:44:23,False,1.48,2.45
343,2022-10-23 11:44:38,False,1.48,2.45
344,2022-10-23 11:44:53,False,1.48,2.45
345,2022-10-23 11:45:08,False,1.48,2.45
346,2022-10-23 11:45:23,False,1.48,2.45
347,2022-10-23 11:45:39,False,1.48,2.45
348,2022-10-23 11:45:54,False,1.48,2.45
349,2022-10-23 11:46:09,False,1.48,2.45
350,2022-10-23 11:46:24,False,1.48,2.45
351,2022-10-23 11:46:39,False,1.48,2.45
352,2022-10-23 11:46:54,False,1.48,2.45
353,2022-10-23 11:47:09,False,1.48,2.45
354,2022-10-23 11:47:24,False,1.48,2.45
355,2022-10-23 11:47:39,False,1.48,2.45
356,2022-10-23 11:47:54,False,1.48,2.45
357,2022-10-23 11:48:09,False,1.48,2.45
358,2022-10-23 11:48:24,False,1.48,2.45
359,2022-10-23 11:48:39,False,1.48,2.45
360,2022-10-23 11:48:54,False,1.48,2.45
361,2022-10-23 11:49:09,False,1.48,2.45
362,2022-10-23 11:49:24,False,1.48,2.45
363,2022-10-23 11:49:40,False,1.48,2.45
364,2022-10-23 11:49:55,False,1.48,2.45
365,2022-10-23 11:50:10,False,1.48,2.45
366,2022-10-23 11:50:25,False,1.48,2.45
367,2022-10-23 11:51:14,False,1.48,2.45
368,2022-10-23 11:51:29,False,1.48,2.45
369,2022-10-23 11:51:44,False,1.48,2.45
370,2022-10-23 11:51:59,False,1.48,2.45
371,2022-10-23 11:52:15,False,1.48,2.45
372,2022-10-23 11:52:30,False,1.48,2.45
373,2022-10-23 11:52:46,False,1.48,2.45
374,2022-10-23 11:53:01,False,1.48,2.45
375,2022-10-23 11:53:16,False,1.48,2.45
376,2022-10-23 11:55:28,False,1.48,2.45
377,2022-10-23 11:57:39,False,1.48,2.45
378,2022-10-23 12:32:58,False,1.48,2.45
379,2022-10-23 12:33:14,False,1.48,2.45
380,2022-10-23 12:33:31,False,1.48,2.45
381,2022-10-23 12:41:50,False,1.48,2.45
382,2022-10-23 12:42:05,False,1.48,2.45
383,2022-10-23 12:42:20,False,1.48,2.45
384,2022-10-23 12:42:35,False,1.48,2.45
385,2022-10-23 12:42:51,False,1.48,2.45
386,2022-10-23 12:43:06,False,1.48,2.45
387,2022-10-23 12:50:36,False,1.48,2.45
388,2022-10-23 12:50:51,False,1.48,2.45
389,2022-10-23 12:51:06,False,1.48,2.45
390,2022-10-23 12:51:21,False,1.48,2.45
391,2022-10-23 12:52:47,False,1.48,2.45
392,2022-10-23 12:53:02,False,1.48,2.45
393,2022-10-23 12:53:17,False,1.48,2.45
394,2022-10-23 12:53:32,False,1.48,2.45
395,2022-10-23 12:53:47,False,1.48,2.45
396,2022-10-23 12:54:02,False,1.48,2.45
397,2022-10-23 12:54:17,False,1.48,2.45
398,2022-10-23 12:54:33,False,1.48,2.45
399,2022-10-23 12:54:48,False,1.48,2.45
400,2022-10-23 12:55:03,False,1.48,2.45
401,2022-10-23 12:55:18,False,1.48,2.45
402,2022-10-23 12:55:33,False,1.48,2.45
403,2022-10-23 12:55:48,False,1.48,2.45
404,2022-10-23 12:56:03,False,1.48,2.45
405,2022-10-23 12:56:18,False,1.48,2.45
406,2022-10-23 12:56:33,False,1.48,2.45
407,2022-10-23 12:56:48,False,1.48,2.45
408,2022-10-23 12:57:03,False,1.48,2.45
409,2022-10-23 12:57:18,False,1.48,2.45
410,2022-10-23 12:57:33,False,1.48,2.45
411,2022-10-23 12:57:48,False,1.48,2.45
412,2022-10-23 12:58:04,False,1.48,2.45
413,2022-10-23 12:58:19,False,1.48,2.45
414,2022-10-23 12:58:34,False,1.48,2.45
415,2022-10-23 12:58:49,False,1.48,2.45
416,2022-10-23 12:59:04,False,1.48,2.45
417,2022-10-23 12:59:19,False,1.48,2.45
418,2022-10-23 12:59:34,False,1.48,2.45
419,2022-10-23 12:59:49,False,1.48,2.45
420,2022-10-23 13:00:04,False,1.48,2.45
421,2022-10-23 13:00:19,False,1.48,2.45
422,2022-10-23 13:00:34,False,1.48,2.45
423,2022-10-23 13:00:49,False,1.48,2.45
424,2022-10-23 13:01:04,False,1.48,2.45
425,2022-10-23 13:01:19,False,1.48,2.45
426,2022-10-23 13:01:34,False,1.48,2.45
427,2022-10-23 13:01:49,False,1.48,2.45
428,2022-10-23 13:02:04,False,1.48,2.45
429,2022-10-23 13:02:19,False,1.48,2.45
430,2022-10-23 13:02:34,False,1.48,2.45
431,2022-10-23 13:02:49,False,1.48,2.45
432,2022-10-23 13:03:04,False,1.48,2.45
433,2022-10-23 13:03:19,False,1.48,2.45
434,2022-10-23 13:03:35,False,1.48,2.45
435,2022-10-23 13:03:50,False,1.48,2.45
436,2022-10-23 13:04:05,False,1.48,2.45
437,2022-10-23 13:04:52,False,1.48,2.45
438,2022-10-23 13:05:07,False,1.48,2.45
439,2022-10-23 13:05:22,False,1.48,2.45
440,2022-10-23 13:05:37,False,1.48,2.45
441,2022-10-23 13:05:52,False,1.48,2.45
442,2022-10-23 13:06:07,False,1.48,2.45
443,2022-10-23 13:06:22,False,1.48,2.45
444,2022-10-23 13:06:38,False,1.48,2.45
445,2022-10-23 13:06:53,False,1.48,2.45
446,2022-10-23 13:07:08,False,1.48,2.45
447,2022-10-23 13:07:23,False,1.48,2.45
448,2022-10-23 13:07:39,False,1.48,2.45
449,2022-10-23 13:07:54,False,1.48,2.45
450,2022-10-23 13:08:09,False,1.48,2.45
451,2022-10-23 13:08:24,False,1.48,2.45
452,2022-10-23 13:08:40,False,1.48,2.45
453,2022-10-23 13:08:55,False,1.48,2.45
454,2022-10-23 13:09:10,False,1.48,2.45
455,2022-10-23 13:09:25,False,1.48,2.45
456,2022-10-23 13:09:41,False,1.48,2.45
457,2022-10-23 13:09:56,False,1.48,2.45
458,2022-10-23 13:10:11,False,1.48,2.45
459,2022-10-23 13:10:26,False,1.48,2.45
460,2022-10-23 13:10:41,False,1.48,2.45
461,2022-10-23 13:10:56,False,1.48,2.45
462,2022-10-23 13:11:11,False,1.48,2.45
463,2022-10-23 13:11:26,False,1.48,2.45
464,2022-10-23 13:11:41,False,1.48,2.45
465,2022-10-23 13:11:56,False,1.48,2.45
466,2022-10-23 13:12:11,False,1.48,2.45
467,2022-10-23 13:12:26,False,1.48,2.45
468,2022-10-23 13:12:41,False,1.48,2.45
469,2022-10-23 13:12:56,False,1.48,2.45
470,2022-10-23 13:13:11,False,1.48,2.45
471,2022-10-23 13:13:26,False,1.48,2.45
472,2022-10-23 13:13:41,False,1.48,2.45
473,2022-10-23 13:13:56,False,1.48,2.45
474,2022-10-23 13:14:11,False,1.48,2.45
475,2022-10-23 13:14:26,False,1.48,2.45
476,2022-10-23 13:14:41,False,1.48,2.45
477,2022-10-23 13:14:56,False,1.48,2.45
478,2022-10-23 13:15:11,False,1.48,2.45
479,2022-10-23 13:15:26,False,1.48,2.45
480,2022-10-23 13:15:41,False,1.48,2.45
481,2022-10-23 13:15:56,False,1.48,2.45
482,2022-10-23 13:16:11,False,1.48,2.45
483,2022-10-23 13:16:26,False,1.48,2.45
484,2022-10-23 13:16:41,False,1.48,2.45
485,2022-10-23 13:16:56,False,1.48,2.45
486,2022-10-23 13:17:11,False,1.48,2.45
487,2022-10-23 13:17:26,False,1.48,2.45
488,2022-10-23 13:17:41,False,1.48,2.45
489,2022-10-23 13:17:56,False,1.48,2.45
490,2022-10-23 13:18:11,False,1.48,2.45
491,2022-10-23 13:18:26,False,1.48,2.45
492,2022-10-23 13:18:41,False,1.48,2.45
493,2022-10-23 13:18:56,False,1.48,2.45
494,2022-10-23 13:19:11,False,1.48,2.45
495,2022-10-23 13:19:26,False,1.48,2.45
496,2022-10-23 13:19:41,False,1.48,2.45
497,2022-10-23 13:19:57,False,1.48,2.45
498,2022-10-23 13:20:12,False,1.48,2.45
499,2022-10-23 13:20:26,False,1.48,2.45
500,2022-10-23 13:20:42,False,1.48,2.45
501,2022-10-23 13:20:57,False,1.48,2.45
502,2022-10-23 13:21:12,False,1.48,2.45
503,2022-10-23 13:21:27,False,1.48,2.45
504,2022-10-23 13:21:41,False,1.48,2.45
505,2022-10-23 13:21:57,False,1.48,2.45
506,2022-10-23 13:22:11,False,1.48,2.45
507,2022-10-23 13:22:26,False,1.48,2.45
508,2022-10-23 13:22:41,False,1.48,2.45
509,2022-10-23 13:22:56,False,1.48,2.45
510,2022-10-23 13:23:11,False,1.48,2.45
511,2022-10-23 13:23:26,False,1.48,2.45
512,2022-10-23 13:23:41,False,1.48,2.45
513,2022-10-23 13:23:57,False,1.48,2.45
514,2022-10-23 13:24:12,False,1.48,2.45
515,2022-10-23 13:24:27,False,1.48,2.45
516,2022-10-23 13:24:42,False,1.48,2.45
517,2022-10-23 13:24:57,False,1.48,2.45
518,2022-10-23 13:25:12,False,1.48,2.45
519,2022-10-23 13:25:27,False,1.48,2.45
520,2022-10-23 13:25:42,False,1.48,2.45
521,2022-10-23 13:25:57,False,1.48,2.45
522,2022-10-23 13:26:12,False,1.48,2.45
523,2022-10-23 13:26:28,False,1.48,2.45
524,2022-10-23 13:26:43,False,1.48,2.45
525,2022-10-23 13:26:57,False,1.48,2.45
526,2022-10-23 13:27:12,False,1.48,2.45
527,2022-10-23 13:27:27,False,1.48,2.45
528,2022-10-23 13:27:42,False,1.48,2.45
529,2022-10-23 13:27:57,False,1.48,2.45
530,2022-10-23 13:28:12,False,1.48,2.45
531,2022-10-23 13:28:26,False,1.48,2.45
532,2022-10-23 13:28:41,False,1.48,2.45
533,2022-10-23 13:28:56,False,1.48,2.45
534,2022-10-23 13:29:11,False,1.48,2.45
535,2022-10-23 13:29:26,False,1.48,2.45
536,2022-10-23 13:29:41,False,1.48,2.45
537,2022-10-23 13:29:56,False,1.48,2.45
538,2022-10-23 13:30:12,False,1.48,2.45
539,2022-10-23 13:30:26,False,1.48,2.45
540,2022-10-23 13:30:42,False,1.48,2.45
541,2022-10-23 13:30:57,False,1.48,2.45
542,2022-10-23 13:31:12,False,1.48,2.45
543,2022-10-23 13:31:26,False,1.48,2.45
544,2022-10-23 13:31:41,False,1.48,2.45
545,2022-10-23 13:31:56,False,1.48,2.45
546,2022-10-23 13:32:12,False,1.48,2.45
547,2022-10-23 13:32:27,False,1.48,2.45
548,2022-10-23 13:32:42,False,1.48,2.45
549,2022-10-23 13:32:57,False,1.48,2.45
550,2022-10-23 13:33:11,False,1.48,2.45
551,2022-10-23 13:33:26,False,1.48,2.45
552,2022-10-23 13:33:41,False,1.48,2.45
553,2022-10-23 13:33:56,False,1.48,2.45
554,2022-10-23 13:34:11,False,1.48,2.45
555,2022-10-23 13:34:26,False,1.48,2.45
556,2022-10-23 13:34:41,False,1.48,2.45
557,2022-10-23 13:34:56,False,1.48,2.45
558,2022-10-23 13:35:12,False,1.48,2.45
559,2022-10-23 13:35:27,False,1.48,2.45
560,2022-10-23 13:35:42,False,1.48,2.45
561,2022-10-23 13:35:57,False,1.48,2.45
562,2022-10-23 13:36:12,False,1.48,2.45
563,2022-10-23 13:36:27,False,1.48,2.45
564,2022-10-23 13:36:42,False,1.48,2.45
565,2022-10-23 13:36:57,False,1.48,2.45
566,2022-10-23 13:37:12,False,1.48,2.45
567,2022-10-23 13:37:26,False,1.48,2.45
568,2022-10-23 13:37:42,False,1.48,2.45
569,2022-10-23 13:37:57,False,1.48,2.45
570,2022-10-23 13:38:12,False,1.48,2.45
571,2022-10-23 13:38:27,False,1.48,2.45
572,2022-10-23 13:38:42,False,1.48,2.45
573,2022-10-23 13:38:58,False,1.48,2.45
574,2022-10-23 13:39:13,False,1.48,2.45
575,2022-10-23 13:39:28,False,1.48,2.45
576,2022-10-23 13:39:43,False,1.48,2.45
577,2022-10-23 13:39:58,False,1.48,2.45
578,2022-10-23 13:40:13,False,1.48,2.45
579,2022-10-23 13:40:28,False,1.48,2.45
580,2022-10-23 13:40:43,False,1.48,2.45
581,2022-10-23 13:40:58,False,1.48,2.45
582,2022-10-23 13:41:13,False,1.48,2.45
583,2022-10-23 13:41:28,False,1.48,2.45
584,2022-10-23 13:41:43,False,1.48,2.45
585,2022-10-23 13:41:58,False,1.48,2.45
586,2022-10-23 13:42:13,False,1.48,2.45
587,2022-10-23 13:42:30,False,1.48,2.45
588,2022-10-23 13:42:45,False,1.48,2.45
589,2022-10-23 13:43:02,False,1.48,2.45
590,2022-10-23 13:43:19,False,1.48,2.45
591,2022-10-23 13:43:35,False,1.48,2.45
592,2022-10-23 13:43:51,False,1.48,2.45
593,2022-10-23 13:44:06,False,1.48,2.45
594,2022-10-23 13:44:23,False,1.48,2.45
595,2022-10-23 13:44:38,False,1.48,2.45
596,2022-10-23 13:44:54,False,1.48,2.45
597,2022-10-23 13:45:11,False,1.48,2.45
598,2022-10-23 13:45:36,False,1.48,2.45
599,2022-10-23 13:45:53,False,1.48,2.45
600,2022-10-23 13:46:08,False,1.48,2.45
601,2022-10-23 13:46:24,False,1.48,2.45
602,2022-10-23 13:46:39,False,1.48,2.45
603,2022-10-23 13:46:55,False,1.48,2.45
604,2022-10-23 13:47:10,False,1.48,2.45
605,2022-10-23 13:47:27,False,1.48,2.45
606,2022-10-23 13:47:42,False,1.48,2.45
607,2022-10-23 13:47:57,False,1.48,2.45
608,2022-10-23 13:48:12,False,1.48,2.45
609,2022-10-23 13:48:28,False,1.48,2.45
610,2022-10-23 13:48:43,False,1.48,2.45
611,2022-10-23 13:48:58,False,1.48,2.45
612,2022-10-23 13:49:14,False,1.48,2.45
613,2022-10-23 13:49:29,False,1.48,2.45
614,2022-10-23 13:49:45,False,1.48,2.45
615,2022-10-23 13:50:00,False,1.48,2.45
616,2022-10-23 13:50:15,False,1.48,2.45
617,2022-10-23 13:50:30,False,1.48,2.45
618,2022-10-23 13:50:46,False,1.48,2.45
619,2022-10-23 13:51:01,False,1.48,2.45
620,2022-10-23 13:51:16,False,1.48,2.45
621,2022-10-23 13:51:31,False,1.48,2.45
622,2022-10-23 13:51:46,False,1.48,2.45
623,2022-10-23 13:52:01,False,1.48,2.45
624,2022-10-23 13:52:17,False,1.48,2.45
625,2022-10-23 13:52:33,False,1.48,2.45
626,2022-10-23 13:52:48,False,1.48,2.45
627,2022-10-23 13:53:04,False,1.48,2.45
628,2022-10-23 13:53:19,False,1.48,2.45
629,2022-10-23 13:53:34,False,1.48,2.45
630,2022-10-23 13:53:49,False,1.48,2.45
631,2022-10-23 13:54:04,False,1.48,2.45
632,2022-10-23 13:54:19,False,1.48,2.45
633,2022-10-23 13:54:35,False,1.48,2.45
634,2022-10-23 13:54:49,False,1.48,2.45
635,2022-10-23 13:55:05,False,1.48,2.45
636,2022-10-23 13:55:19,False,1.48,2.45
637,2022-10-23 13:55:34,False,1.48,2.45
638,2022-10-23 13:55:50,False,1.48,2.45
639,2022-10-23 13:56:06,False,1.48,2.45
640,2022-10-23 13:56:21,False,1.48,2.45
641,2022-10-23 13:56:37,False,1.48,2.45
642,2022-10-23 13:56:52,False,1.48,2.45
643,2022-10-23 13:57:08,False,1.48,2.45
644,2022-10-23 13:57:23,False,1.48,2.45
645,2022-10-23 13:57:38,False,1.48,2.45
646,2022-10-23 13:57:54,False,1.48,2.45
647,2022-10-23 13:58:09,False,1.48,2.45
648,2022-10-23 13:58:24,False,1.48,2.45
649,2022-10-23 13:58:40,False,1.48,2.45
650,2022-10-23 13:58:55,False,1.48,2.45
651,2022-10-23 13:59:11,False,1.48,2.45
652,2022-10-23 13:59:28,False,1.47,2.48
653,2022-10-23 13:59:43,False,1.47,2.48
654,2022-10-23 14:14:27,False,1.52,2.55
655,2022-10-23 14:14:44,False,1.52,2.55
656,2022-10-23 14:15:02,False,1.52,2.55
657,2022-10-23 14:15:23,False,1.52,2.55
658,2022-10-23 14:15:39,False,1.52,2.55
659,2022-10-23 14:15:54,False,1.52,2.55
660,2022-10-23 14:16:10,False,1.52,2.55
661,2022-10-23 14:16:27,False,1.52,2.55
662,2022-10-23 14:16:43,False,1.52,2.55
663,2022-10-23 14:16:59,False,1.52,2.55
664,2022-10-23 14:17:14,False,1.52,2.55
665,2022-10-23 14:17:30,False,1.52,2.55
666,2022-10-23 14:17:46,False,1.52,2.55
667,2022-10-23 14:18:01,False,1.52,2.55
668,2022-10-23 14:18:18,False,1.52,2.55
669,2022-10-23 14:18:34,False,1.52,2.55
670,2022-10-23 14:18:49,False,1.52,2.55
671,2022-10-23 14:19:06,False,1.52,2.55
672,2022-10-23 14:19:22,False,1.52,2.55
673,2022-10-23 14:19:38,False,1.52,2.55
674,2022-10-23 14:19:53,False,1.52,2.55
675,2022-10-23 14:20:09,False,1.52,2.55
676,2022-10-23 14:20:24,False,1.52,2.55
677,2022-10-23 14:20:39,False,1.52,2.55
678,2022-10-23 14:20:56,False,1.52,2.55
679,2022-10-23 14:21:12,False,1.52,2.55
680,2022-10-23 14:21:30,False,1.52,2.55
681,2022-10-23 14:21:53,False,1.52,2.55
682,2022-10-23 14:22:12,False,1.52,2.55
683,2022-10-23 14:22:29,False,1.52,2.55
684,2022-10-23 14:22:45,False,1.52,2.55
685,2022-10-23 14:23:00,False,1.52,2.55
686,2022-10-23 14:23:15,False,1.52,2.55
687,2022-10-23 14:23:30,False,1.52,2.55
688,2022-10-23 14:23:45,False,1.52,2.55
689,2022-10-23 14:24:01,False,1.52,2.55
690,2022-10-23 14:24:17,False,1.52,2.55
691,2022-10-23 14:24:32,False,1.52,2.55
692,2022-10-23 14:25:26,False,1.52,2.55
693,2022-10-23 14:25:42,False,1.52,2.55
694,2022-10-23 14:25:58,False,1.52,2.55
695,2022-10-23 14:26:13,False,1.52,2.55
696,2022-10-23 14:26:33,False,1.52,2.55
697,2022-10-23 14:26:48,False,1.52,2.55
698,2022-10-23 14:27:04,False,1.52,2.55
699,2022-10-23 14:27:20,False,1.52,2.55
700,2022-10-23 14:27:36,False,1.52,2.55
701,2022-10-23 14:27:51,False,1.52,2.55
702,2022-10-23 14:28:07,False,1.52,2.55
703,2022-10-23 14:28:22,False,1.52,2.55
704,2022-10-23 14:28:37,False,1.52,2.55
705,2022-10-23 14:28:52,False,1.52,2.55
706,2022-10-23 14:30:43,False,1.52,2.55
707,2022-10-23 14:31:01,False,1.52,2.55
708,2022-10-23 14:31:16,False,1.52,2.55
709,2022-10-23 14:31:31,False,1.52,2.55
710,2022-10-23 14:31:46,False,1.52,2.55
711,2022-10-23 14:32:03,False,1.52,2.55
712,2022-10-23 14:32:18,False,1.52,2.55
713,2022-10-23 14:32:33,False,1.52,2.55
714,2022-10-23 14:32:50,False,1.52,2.55
715,2022-10-23 14:33:04,False,1.52,2.55
716,2022-10-23 14:33:20,False,1.52,2.55
717,2022-10-23 14:33:36,False,1.52,2.55
718,2022-10-23 14:33:50,False,1.52,2.55
719,2022-10-23 14:34:06,False,1.52,2.55
720,2022-10-23 14:34:21,False,1.52,2.55
721,2022-10-23 14:34:36,False,1.52,2.55
722,2022-10-23 14:34:51,False,1.52,2.55
723,2022-10-23 14:35:07,False,1.52,2.55
724,2022-10-23 14:35:23,False,1.52,2.55
725,2022-10-23 14:35:39,False,1.52,2.55
726,2022-10-23 14:35:55,False,1.52,2.55
727,2022-10-23 14:36:11,False,1.52,2.55
728,2022-10-23 14:36:27,False,1.52,2.55
729,2022-10-23 14:36:43,False,1.52,2.55
730,2022-10-23 14:36:58,False,1.52,2.55
731,2022-10-23 14:37:14,False,1.52,2.55
732,2022-10-23 14:37:30,False,1.52,2.55
733,2022-10-23 14:37:45,False,1.52,2.55
734,2022-10-23 14:38:02,False,1.52,2.55
735,2022-10-23 14:38:19,False,1.52,2.55
736,2022-10-23 14:38:35,False,1.52,2.55
737,2022-10-23 14:38:50,False,1.52,2.55
738,2022-10-23 14:39:06,False,1.52,2.55
739,2022-10-23 14:39:21,False,1.52,2.55
740,2022-10-23 14:39:36,False,1.52,2.55
741,2022-10-23 14:39:51,False,1.52,2.55
742,2022-10-23 14:40:06,False,1.52,2.55
743,2022-10-23 14:40:22,False,1.52,2.55
744,2022-10-23 14:40:38,False,1.52,2.55
745,2022-10-23 14:40:53,False,1.52,2.55
746,2022-10-23 14:41:09,False,1.52,2.55
747,2022-10-23 14:41:25,False,1.52,2.55
748,2022-10-23 14:41:41,False,1.52,2.55
749,2022-10-23 14:41:57,False,1.52,2.55
750,2022-10-23 14:42:13,False,1.52,2.55
751,2022-10-23 14:42:28,False,1.52,2.55
752,2022-10-23 14:42:43,False,1.52,2.55
753,2022-10-23 14:43:00,False,1.52,2.55
754,2022-10-23 14:43:15,False,1.52,2.55
755,2022-10-23 14:43:30,False,1.52,2.55
756,2022-10-23 14:43:46,False,1.52,2.55
757,2022-10-23 14:44:01,False,1.52,2.55
758,2022-10-23 14:44:17,False,1.52,2.55
759,2022-10-23 14:44:32,False,1.52,2.55
760,2022-10-23 14:44:47,False,1.52,2.55
761,2022-10-23 14:45:04,False,1.52,2.55
762,2022-10-23 14:45:19,False,1.52,2.55
763,2022-10-23 14:45:34,False,1.52,2.55
764,2022-10-23 14:45:51,False,1.52,2.55
765,2022-10-23 14:46:07,False,1.52,2.55
766,2022-10-23 14:46:23,False,1.52,2.55
767,2022-10-23 14:46:40,False,1.52,2.55
768,2022-10-23 14:47:28,False,1.52,2.55
769,2022-10-23 14:47:47,False,1.52,2.55
770,2022-10-23 14:48:03,False,1.52,2.55
771,2022-10-23 14:48:18,False,1.52,2.55
772,2022-10-23 14:48:35,False,1.52,2.55
773,2022-10-23 14:48:51,False,1.52,2.55
774,2022-10-23 14:49:07,False,1.52,2.55
775,2022-10-23 14:49:23,False,1.52,2.55
776,2022-10-23 14:49:39,False,1.52,2.55
777,2022-10-23 14:49:55,False,1.52,2.55
778,2022-10-23 14:50:12,False,1.52,2.55
779,2022-10-23 14:50:26,False,1.52,2.55
780,2022-10-23 14:50:48,False,1.52,2.55
781,2022-10-23 14:51:04,False,1.52,2.55
782,2022-10-23 14:51:23,False,1.52,2.55
783,2022-10-23 14:51:39,False,1.52,2.55
784,2022-10-23 14:51:54,False,1.52,2.55
785,2022-10-23 14:52:10,False,1.52,2.55
786,2022-10-23 14:52:26,False,1.52,2.55
787,2022-10-23 14:52:41,False,1.52,2.55
788,2022-10-23 14:52:56,False,1.52,2.55
789,2022-10-23 14:53:11,False,1.52,2.55
790,2022-10-23 14:53:26,False,1.52,2.55
791,2022-10-23 14:53:41,False,1.52,2.55
792,2022-10-23 14:53:56,False,1.52,2.55
793,2022-10-23 14:54:11,False,1.52,2.55
794,2022-10-23 14:54:26,False,1.52,2.55
795,2022-10-23 14:54:41,False,1.52,2.55
796,2022-10-23 14:54:56,False,1.52,2.55
797,2022-10-23 14:55:11,False,1.52,2.55
798,2022-10-23 14:55:26,False,1.52,2.55
799,2022-10-23 14:55:41,False,1.52,2.55
800,2022-10-23 14:55:56,False,1.52,2.55
801,2022-10-23 14:56:11,False,1.52,2.55
802,2022-10-23 14:56:26,False,1.52,2.55
803,2022-10-23 14:56:41,False,1.52,2.55
804,2022-10-23 14:56:57,False,1.52,2.55
805,2022-10-23 14:57:12,False,1.52,2.55
806,2022-10-23 14:57:30,False,1.52,2.55
807,2022-10-23 14:57:45,False,1.52,2.55
808,2022-10-23 14:58:01,False,1.52,2.55
809,2022-10-23 14:58:16,False,1.52,2.55
810,2022-10-23 14:58:32,False,1.52,2.55
811,2022-10-23 14:58:47,False,1.52,2.55
812,2022-10-23 14:59:02,False,1.52,2.55
813,2022-10-23 14:59:17,False,1.52,2.55
814,2022-10-23 14:59:32,False,1.52,2.55
815,2022-10-23 14:59:48,False,1.52,2.55
816,2022-10-23 15:00:04,False,1.52,2.55
817,2022-10-23 15:00:20,False,1.52,2.55
818,2022-10-23 15:00:34,False,1.52,2.55
819,2022-10-23 15:00:49,False,1.52,2.55
820,2022-10-23 15:01:04,False,1.52,2.55
821,2022-10-23 15:01:19,False,1.52,2.55
822,2022-10-23 15:01:34,False,1.52,2.55
823,2022-10-23 15:01:49,False,1.52,2.55
824,2022-10-23 15:02:04,False,1.52,2.55
825,2022-10-23 15:02:19,False,1.52,2.55
826,2022-10-23 15:02:33,False,1.52,2.55
827,2022-10-23 15:02:48,False,1.52,2.55
828,2022-10-23 15:03:03,False,1.52,2.55
829,2022-10-23 15:03:18,False,1.52,2.55
830,2022-10-23 15:03:34,False,1.52,2.55
831,2022-10-23 15:03:50,False,1.52,2.55
832,2022-10-23 15:04:05,False,1.52,2.55
833,2022-10-23 15:04:22,False,1.52,2.55
834,2022-10-23 15:04:37,False,1.52,2.55
835,2022-10-23 15:04:52,False,1.52,2.55
836,2022-10-23 15:05:07,False,1.52,2.55
837,2022-10-23 15:05:22,False,1.52,2.55
838,2022-10-23 15:05:37,False,1.52,2.55
839,2022-10-23 15:05:52,False,1.52,2.55
840,2022-10-23 15:06:07,False,1.52,2.55
841,2022-10-23 15:06:23,False,1.52,2.55
842,2022-10-23 15:06:38,False,1.52,2.55
843,2022-10-23 15:06:53,False,1.52,2.55
844,2022-10-23 15:07:08,False,1.52,2.55
845,2022-10-23 15:07:23,False,1.52,2.55
846,2022-10-23 15:07:38,False,1.52,2.55
847,2022-10-23 15:07:54,False,1.52,2.55
848,2022-10-23 15:08:09,False,1.52,2.55
849,2022-10-23 15:08:24,False,1.52,2.55
850,2022-10-23 15:08:39,False,1.52,2.55
851,2022-10-23 15:08:55,False,1.52,2.55
852,2022-10-23 15:09:10,False,1.52,2.55
853,2022-10-23 15:09:25,False,1.52,2.55
854,2022-10-23 15:09:40,False,1.52,2.55
855,2022-10-23 15:09:55,False,1.52,2.55
856,2022-10-23 15:10:10,False,1.52,2.55
857,2022-10-23 15:10:25,False,1.52,2.55
858,2022-10-23 15:10:40,False,1.52,2.55
859,2022-10-23 15:10:55,False,1.52,2.55
860,2022-10-23 15:11:10,False,1.52,2.55
861,2022-10-23 15:11:26,False,1.52,2.55
862,2022-10-23 15:11:41,False,1.52,2.55
863,2022-10-23 15:11:56,False,1.52,2.55
864,2022-10-23 15:12:12,False,1.52,2.55
865,2022-10-23 15:12:27,False,1.52,2.55
866,2022-10-23 15:12:42,False,1.52,2.55
867,2022-10-23 15:12:57,False,1.52,2.55
868,2022-10-23 15:13:12,False,1.52,2.55
869,2022-10-23 15:13:27,False,1.52,2.55
870,2022-10-23 15:13:42,False,1.52,2.55
871,2022-10-23 15:13:58,False,1.52,2.55
872,2022-10-23 15:14:13,False,1.52,2.55
873,2022-10-23 15:14:29,False,1.52,2.55
874,2022-10-23 15:14:44,False,1.52,2.55
875,2022-10-23 15:14:59,False,1.52,2.55
876,2022-10-23 15:15:14,False,1.52,2.55
877,2022-10-23 15:15:29,False,1.52,2.55
878,2022-10-23 15:15:44,False,1.52,2.55
879,2022-10-23 15:15:59,False,1.52,2.55
880,2022-10-23 15:16:14,False,1.52,2.55
881,2022-10-23 15:16:30,False,1.52,2.55
882,2022-10-23 15:16:45,False,1.52,2.55
883,2022-10-23 15:17:00,False,1.52,2.55
884,2022-10-23 15:17:15,False,1.52,2.55
885,2022-10-23 15:17:29,False,1.52,2.55
886,2022-10-23 15:17:44,False,1.52,2.55
887,2022-10-23 15:17:59,False,1.52,2.55
888,2022-10-23 15:18:13,False,1.52,2.55
889,2022-10-23 15:18:28,False,1.52,2.55
890,2022-10-23 15:18:43,False,1.52,2.55
891,2022-10-23 15:18:58,False,1.52,2.55
892,2022-10-23 15:19:13,False,1.52,2.55
893,2022-10-23 15:19:28,False,1.52,2.55
894,2022-10-23 15:19:44,False,1.52,2.55
895,2022-10-23 15:19:59,False,1.52,2.55
896,2022-10-23 15:20:16,False,1.52,2.55
897,2022-10-23 15:20:31,False,1.52,2.55
898,2022-10-23 15:20:46,False,1.52,2.55
899,2022-10-23 15:21:01,False,1.52,2.55
900,2022-10-23 15:21:16,False,1.52,2.55
901,2022-10-23 15:21:31,False,1.52,2.55
902,2022-10-23 15:21:46,False,1.52,2.55
903,2022-10-23 15:22:01,False,1.52,2.55
904,2022-10-23 15:22:16,False,1.52,2.55
905,2022-10-23 15:22:31,False,1.52,2.55
906,2022-10-23 15:22:46,False,1.52,2.55
907,2022-10-23 15:23:02,False,1.52,2.55
908,2022-10-23 15:23:17,False,1.52,2.55
909,2022-10-23 15:23:31,False,1.52,2.55
910,2022-10-23 15:23:46,False,1.52,2.55
911,2022-10-23 15:24:02,False,1.52,2.55
912,2022-10-23 15:24:16,False,1.52,2.55
913,2022-10-23 15:24:31,False,1.52,2.55
914,2022-10-23 15:24:46,False,1.52,2.55
915,2022-10-23 15:25:01,False,1.52,2.55
916,2022-10-23 15:25:16,False,1.52,2.55
917,2022-10-23 15:25:31,False,1.52,2.55
918,2022-10-23 15:25:46,False,1.52,2.55
919,2022-10-23 15:26:01,False,1.52,2.55
920,2022-10-23 15:26:16,False,1.52,2.55
921,2022-10-23 15:26:31,False,1.52,2.55
922,2022-10-23 15:26:46,False,1.52,2.55
923,2022-10-23 15:27:01,False,1.52,2.55
924,2022-10-23 15:27:16,False,1.52,2.55
925,2022-10-23 15:27:31,False,1.52,2.55
926,2022-10-23 15:27:46,False,1.52,2.55
927,2022-10-23 15:28:00,False,1.52,2.55
928,2022-10-23 15:28:15,False,1.52,2.55
929,2022-10-23 15:28:31,False,1.52,2.55
930,2022-10-23 15:28:46,False,1.52,2.55
931,2022-10-23 15:29:01,False,1.52,2.55
932,2022-10-23 15:29:15,False,1.52,2.55
933,2022-10-23 15:29:30,False,1.52,2.55
934,2022-10-23 15:29:45,False,1.52,2.55
935,2022-10-23 15:30:00,False,1.52,2.55
936,2022-10-23 15:30:15,False,1.52,2.55
937,2022-10-23 15:30:31,False,1.52,2.55
938,2022-10-23 15:30:45,False,1.52,2.55
939,2022-10-23 15:31:01,False,1.52,2.55
940,2022-10-23 15:31:15,False,1.52,2.55
941,2022-10-23 15:31:30,False,1.52,2.55
942,2022-10-23 15:31:45,False,1.52,2.55
943,2022-10-23 15:32:00,False,1.52,2.55
944,2022-10-23 15:32:15,False,1.52,2.55
945,2022-10-23 15:32:30,False,1.52,2.55
946,2022-10-23 15:32:44,False,1.52,2.55
947,2022-10-23 15:33:00,False,1.52,2.55
948,2022-10-23 15:33:14,False,1.52,2.55
949,2022-10-23 15:33:30,False,1.52,2.55
950,2022-10-23 15:33:44,False,1.52,2.55
951,2022-10-23 15:34:00,False,1.52,2.55
952,2022-10-23 15:34:15,False,1.52,2.55
953,2022-10-23 15:34:30,False,1.52,2.55
954,2022-10-23 15:34:45,False,1.52,2.55
955,2022-10-23 15:35:00,False,1.52,2.55
956,2022-10-23 15:35:14,False,1.52,2.55
957,2022-10-23 15:35:29,False,1.52,2.55
958,2022-10-23 15:35:44,False,1.52,2.55
959,2022-10-23 15:35:59,False,1.52,2.55
960,2022-10-23 15:36:14,False,1.52,2.55
961,2022-10-23 15:36:28,False,1.52,2.55
962,2022-10-23 15:36:44,False,1.52,2.55
963,2022-10-23 15:36:59,False,1.52,2.55
964,2022-10-23 15:37:14,False,1.52,2.55
965,2022-10-23 15:37:29,False,1.52,2.55
966,2022-10-23 15:37:44,False,1.52,2.55
967,2022-10-23 15:37:59,False,1.52,2.55
968,2022-10-23 15:38:13,False,1.52,2.55
969,2022-10-23 15:38:29,False,1.52,2.55
970,2022-10-23 15:38:43,False,1.52,2.55
971,2022-10-23 15:38:58,False,1.52,2.55
972,2022-10-23 15:39:13,False,1.52,2.55
973,2022-10-23 15:39:28,False,1.52,2.55
974,2022-10-23 15:39:42,False,1.52,2.55
975,2022-10-23 15:39:57,False,1.52,2.55
976,2022-10-23 15:40:12,False,1.52,2.55
977,2022-10-23 15:40:26,False,1.52,2.55
978,2022-10-23 15:40:41,False,1.52,2.55
979,2022-10-23 15:40:55,False,1.52,2.55
980,2022-10-23 15:41:10,False,1.52,2.55
981,2022-10-23 15:41:25,False,1.52,2.55
982,2022-10-23 15:41:39,False,1.52,2.55
983,2022-10-23 15:41:54,False,1.52,2.55
984,2022-10-23 15:42:09,False,1.52,2.55
985,2022-10-23 15:42:24,False,1.52,2.55
986,2022-10-23 15:42:39,False,1.52,2.55
987,2022-10-23 15:42:56,False,1.52,2.55
988,2022-10-23 15:43:10,False,1.52,2.55
989,2022-10-23 15:43:25,False,1.52,2.55
990,2022-10-23 15:43:40,False,1.52,2.55
991,2022-10-23 15:43:55,False,1.52,2.55
992,2022-10-23 15:44:09,False,1.52,2.55
993,2022-10-23 15:44:24,False,1.52,2.55
994,2022-10-23 15:44:39,False,1.52,2.55
995,2022-10-23 15:44:54,False,1.52,2.55
996,2022-10-23 15:45:10,False,1.52,2.55
997,2022-10-23 15:45:25,False,1.52,2.55
998,2022-10-23 15:45:40,False,1.52,2.55
999,2022-10-23 15:45:55,False,1.52,2.55
1000,2022-10-23 15:46:09,False,1.52,2.55
1001,2022-10-23 15:46:24,False,1.52,2.55
1002,2022-10-23 15:46:39,False,1.52,2.55
1003,2022-10-23 15:46:53,False,1.52,2.55
1004,2022-10-23 15:47:08,False,1.52,2.55
1005,2022-10-23 15:47:24,False,1.52,2.55
1006,2022-10-23 15:47:38,False,1.52,2.55
1007,2022-10-23 15:47:53,False,1.52,2.55
1008,2022-10-23 15:48:07,False,1.52,2.55
1009,2022-10-23 15:48:22,False,1.52,2.55
1010,2022-10-23 15:48:36,False,1.52,2.55
1011,2022-10-23 15:48:51,False,1.52,2.55
1012,2022-10-23 15:49:05,False,1.52,2.55
1013,2022-10-23 15:49:20,False,1.52,2.55
1014,2022-10-23 15:49:37,False,1.52,2.55
1015,2022-10-23 15:49:51,False,1.52,2.55
1016,2022-10-23 15:50:06,False,1.52,2.55
1017,2022-10-23 15:50:21,False,1.52,2.55
1018,2022-10-23 15:50:36,False,1.52,2.55
1019,2022-10-23 15:50:50,False,1.52,2.55
1020,2022-10-23 15:51:05,False,1.52,2.55
1021,2022-10-23 15:51:21,False,1.52,2.55
1022,2022-10-23 15:51:36,False,1.52,2.55
1023,2022-10-23 15:51:50,False,1.52,2.55
1024,2022-10-23 15:52:05,False,1.52,2.55
1025,2022-10-23 15:52:57,False,1.52,2.55
1026,2022-10-23 15:53:13,False,1.52,2.55
1027,2022-10-23 15:53:28,False,1.52,2.55
1028,2022-10-23 15:53:43,False,1.52,2.55
1029,2022-10-23 15:53:59,False,1.52,2.55
1030,2022-10-23 15:54:13,False,1.52,2.55
1031,2022-10-23 15:54:29,False,1.52,2.55
1032,2022-10-23 15:54:43,False,1.52,2.55
1033,2022-10-23 15:54:58,False,1.52,2.55
1034,2022-10-23 15:55:14,False,1.52,2.55
1035,2022-10-23 15:55:29,False,1.52,2.55
1036,2022-10-23 15:55:44,False,1.52,2.55
1037,2022-10-23 15:55:59,False,1.52,2.55
1038,2022-10-23 15:56:15,False,1.52,2.55
1039,2022-10-23 15:56:30,False,1.52,2.55
1040,2022-10-23 15:56:46,False,1.52,2.55
1041,2022-10-23 15:57:01,False,1.52,2.55
1042,2022-10-23 15:57:16,False,1.52,2.55
1043,2022-10-23 15:57:30,False,1.52,2.55
1044,2022-10-23 15:57:46,False,1.52,2.55
1045,2022-10-23 15:58:00,False,1.52,2.55
1046,2022-10-23 15:58:16,False,1.52,2.55
1047,2022-10-23 15:58:31,False,1.52,2.55
1048,2022-10-23 15:58:45,False,1.52,2.55
1049,2022-10-23 15:59:00,False,1.52,2.55
1050,2022-10-23 15:59:14,False,1.52,2.55
1051,2022-10-23 15:59:29,False,1.52,2.55
1052,2022-10-23 15:59:44,False,1.52,2.55
1053,2022-10-23 15:59:59,False,1.52,2.55
1054,2022-10-23 16:00:14,False,1.52,2.55
1055,2022-10-23 16:00:29,False,1.52,2.55
1056,2022-10-23 16:00:44,False,1.52,2.55
1057,2022-10-23 16:00:59,False,1.52,2.55
1058,2022-10-23 16:01:14,False,1.52,2.55
1059,2022-10-23 16:01:29,False,1.52,2.55
1060,2022-10-23 16:01:44,False,1.52,2.55
1061,2022-10-23 16:01:59,False,1.52,2.55
1062,2022-10-23 16:02:15,False,1.52,2.55
1063,2022-10-23 16:02:29,False,1.52,2.55
1064,2022-10-23 16:02:44,False,1.52,2.55
1065,2022-10-23 16:02:59,False,1.52,2.55
1066,2022-10-23 16:03:14,False,1.52,2.55
1067,2022-10-23 16:03:29,False,1.52,2.55
1068,2022-10-23 16:03:44,False,1.52,2.55
1069,2022-10-23 16:03:59,False,1.52,2.55
1070,2022-10-23 16:04:13,False,1.52,2.55
1071,2022-10-23 16:04:28,False,1.52,2.55
1072,2022-10-23 16:04:43,False,1.52,2.55
1073,2022-10-23 16:04:57,False,1.52,2.55
1074,2022-10-23 16:05:12,False,1.52,2.55
1075,2022-10-23 16:05:26,False,1.52,2.55
1076,2022-10-23 16:05:41,False,1.52,2.55
1077,2022-10-23 16:05:55,False,1.52,2.55
1078,2022-10-23 16:06:10,False,1.52,2.55
1079,2022-10-23 16:06:24,False,1.52,2.55
1080,2022-10-23 16:06:40,False,1.52,2.55
1081,2022-10-23 16:06:55,False,1.52,2.55
1082,2022-10-23 16:07:10,False,1.52,2.55
1083,2022-10-23 16:07:24,False,1.52,2.55
1084,2022-10-23 16:07:39,False,1.52,2.55
1085,2022-10-23 16:07:54,False,1.52,2.55
1086,2022-10-23 16:08:10,False,1.52,2.55
1087,2022-10-23 16:08:25,False,1.52,2.55
1088,2022-10-23 16:08:40,False,1.52,2.55
1089,2022-10-23 16:08:54,False,1.52,2.55
1090,2022-10-23 16:09:09,False,1.52,2.55
1091,2022-10-23 16:09:23,False,1.52,2.55
1092,2022-10-23 16:09:38,False,1.52,2.55
1093,2022-10-23 16:09:53,False,1.52,2.55
1094,2022-10-23 16:10:07,False,1.52,2.55
1095,2022-10-23 16:10:22,False,1.52,2.55
1096,2022-10-23 16:10:37,False,1.52,2.55
1097,2022-10-23 16:10:52,False,1.52,2.55
1098,2022-10-23 16:11:07,False,1.52,2.55
1099,2022-10-23 16:11:22,False,1.52,2.55
1100,2022-10-23 16:11:37,False,1.52,2.55
1101,2022-10-23 16:11:52,False,1.52,2.55
1102,2022-10-23 16:12:06,False,1.52,2.55
1103,2022-10-23 16:12:22,False,1.52,2.55
1104,2022-10-23 16:12:36,False,1.52,2.55
1105,2022-10-23 16:12:51,False,1.52,2.55
1106,2022-10-23 16:13:05,False,1.52,2.55
1107,2022-10-23 16:13:21,False,1.52,2.55
1108,2022-10-23 16:13:35,False,1.52,2.55
1109,2022-10-23 16:13:51,False,1.52,2.55
1110,2022-10-23 16:14:06,False,1.52,2.55
1111,2022-10-23 16:14:22,False,1.52,2.55
1112,2022-10-23 16:14:37,False,1.52,2.55
1113,2022-10-23 16:14:52,False,1.52,2.55
1114,2022-10-23 16:15:06,False,1.52,2.55
1115,2022-10-23 16:15:21,False,1.52,2.55
1116,2022-10-23 16:15:35,False,1.52,2.55
1117,2022-10-23 16:15:51,False,1.52,2.55
1118,2022-10-23 16:16:05,False,1.52,2.55
1119,2022-10-23 16:16:20,False,1.52,2.55
1120,2022-10-23 16:16:36,False,1.52,2.55
1121,2022-10-23 16:16:50,False,1.52,2.55
1122,2022-10-23 16:17:05,False,1.52,2.55
1123,2022-10-23 16:17:21,False,1.52,2.55
1124,2022-10-23 16:17:36,False,1.52,2.55
1125,2022-10-23 16:17:51,False,1.52,2.55
1126,2022-10-23 16:18:05,False,1.52,2.55
1127,2022-10-23 16:18:20,False,1.52,2.55
1128,2022-10-23 16:18:35,False,1.52,2.55
1129,2022-10-23 16:18:49,False,1.52,2.55
1130,2022-10-23 16:19:04,False,1.52,2.55
1131,2022-10-23 16:19:19,False,1.52,2.55
1132,2022-10-23 16:19:35,False,1.52,2.55
1133,2022-10-23 16:19:51,False,1.52,2.55
1134,2022-10-23 16:20:07,False,1.52,2.55
1135,2022-10-23 16:20:22,False,1.52,2.55
1136,2022-10-23 16:20:37,False,1.52,2.55
1137,2022-10-23 16:20:52,False,1.52,2.55
1138,2022-10-23 16:21:06,False,1.52,2.55
1139,2022-10-23 16:21:21,False,1.52,2.55
1140,2022-10-23 16:21:36,False,1.52,2.55
1141,2022-10-23 16:21:51,False,1.52,2.55
1142,2022-10-23 16:22:07,False,1.52,2.55
1143,2022-10-23 16:22:22,False,1.52,2.55
1144,2022-10-23 16:22:38,False,1.52,2.55
1145,2022-10-23 16:22:53,False,1.53,2.58
1146,2022-10-23 16:23:11,False,1.53,2.58
1147,2022-10-23 16:23:26,False,1.53,2.58
1148,2022-10-23 16:23:41,False,1.53,2.58
1149,2022-10-23 16:23:56,False,1.53,2.58
1150,2022-10-23 16:24:11,False,1.53,2.58
1151,2022-10-23 16:24:27,False,1.53,2.58
1152,2022-10-23 16:24:42,False,1.53,2.58
1153,2022-10-23 16:24:57,False,1.53,2.58
1154,2022-10-23 16:25:11,False,1.53,2.58
1155,2022-10-23 16:25:26,False,1.53,2.58
1156,2022-10-23 16:25:45,False,1.53,2.58
1157,2022-10-23 16:25:59,False,1.53,2.58
1158,2022-10-23 16:26:14,False,1.53,2.58
1159,2022-10-23 16:26:29,False,1.53,2.58
1160,2022-10-23 16:26:43,False,1.53,2.58
1161,2022-10-23 16:26:58,False,1.53,2.58
1162,2022-10-23 16:27:13,False,1.53,2.58
1163,2022-10-23 16:27:28,False,1.53,2.58
1164,2022-10-23 16:27:43,False,1.53,2.58
1165,2022-10-23 16:27:58,False,1.53,2.58
1166,2022-10-23 16:28:13,False,1.53,2.58
1167,2022-10-23 16:28:28,False,1.53,2.58
1168,2022-10-23 16:28:44,False,1.53,2.58
1169,2022-10-23 16:28:58,False,1.53,2.58
1170,2022-10-23 16:29:13,False,1.53,2.58
1171,2022-10-23 16:29:28,False,1.53,2.58
1172,2022-10-23 16:29:43,False,1.53,2.58
1173,2022-10-23 16:29:58,False,1.53,2.58
1174,2022-10-23 16:30:12,False,1.53,2.58
1175,2022-10-23 16:30:27,False,1.53,2.58
1176,2022-10-23 16:30:45,False,1.53,2.58
1177,2022-10-23 16:31:00,False,1.53,2.58
1178,2022-10-23 16:31:14,False,1.53,2.58
1179,2022-10-23 16:31:29,False,1.53,2.58
1180,2022-10-23 16:31:44,False,1.53,2.58
1181,2022-10-23 16:31:58,False,1.53,2.58
1182,2022-10-23 16:32:13,False,1.53,2.58
1183,2022-10-23 16:32:27,False,1.53,2.58
1184,2022-10-23 16:32:42,False,1.53,2.58
1185,2022-10-23 16:32:59,False,1.53,2.58
1186,2022-10-23 16:33:13,False,1.53,2.58
1187,2022-10-23 16:33:29,False,1.53,2.58
1188,2022-10-23 16:33:43,False,1.53,2.58
1189,2022-10-23 16:33:58,False,1.53,2.58
1190,2022-10-23 16:34:13,False,1.53,2.58
1191,2022-10-23 16:34:27,False,1.53,2.58
1192,2022-10-23 16:34:42,False,1.53,2.58
1193,2022-10-23 16:34:57,False,1.53,2.58
1194,2022-10-23 16:35:11,False,1.53,2.58
1195,2022-10-23 16:35:26,False,1.53,2.58
1196,2022-10-23 16:35:41,False,1.53,2.58
1197,2022-10-23 16:35:56,False,1.53,2.58
1198,2022-10-23 16:36:11,False,1.53,2.58
1199,2022-10-23 16:36:27,False,1.53,2.58
1200,2022-10-23 16:36:42,False,1.53,2.58
1201,2022-10-23 16:36:57,False,1.53,2.58
1202,2022-10-23 16:37:11,False,1.53,2.58
1203,2022-10-23 16:37:26,False,1.53,2.58
1204,2022-10-23 16:37:40,False,1.53,2.58
1205,2022-10-23 16:37:55,False,1.53,2.58
1206,2022-10-23 16:38:11,False,1.53,2.58
1207,2022-10-23 16:38:26,False,1.53,2.58
1208,2022-10-23 16:38:42,False,1.53,2.58
1209,2022-10-23 16:38:57,False,1.53,2.58
1210,2022-10-23 16:39:13,False,1.53,2.58
1211,2022-10-23 16:39:29,False,1.53,2.58
1212,2022-10-23 16:39:45,False,1.53,2.58
1213,2022-10-23 16:40:02,False,1.53,2.58
1214,2022-10-23 16:40:17,False,1.53,2.58
1215,2022-10-23 16:40:32,False,1.53,2.58
1216,2022-10-23 16:40:46,False,1.53,2.58
1217,2022-10-23 16:41:01,False,1.53,2.58
1218,2022-10-23 16:41:16,False,1.53,2.58
1219,2022-10-23 16:41:30,False,1.53,2.58
1220,2022-10-23 16:41:45,False,1.53,2.58
1221,2022-10-23 16:42:01,False,1.53,2.58
1222,2022-10-23 16:42:16,False,1.53,2.58
1223,2022-10-23 16:42:31,False,1.53,2.58
1224,2022-10-23 16:42:46,False,1.53,2.58
1225,2022-10-23 16:43:07,False,1.53,2.57
1226,2022-10-23 16:43:21,False,1.53,2.57
1227,2022-10-23 16:43:36,False,1.53,2.57
1228,2022-10-23 16:43:51,False,1.53,2.57
1229,2022-10-23 16:44:06,False,1.53,2.57
1230,2022-10-23 16:44:20,False,1.53,2.57
1231,2022-10-23 16:44:35,False,1.53,2.57
1232,2022-10-23 16:44:50,False,1.53,2.57
1233,2022-10-23 16:45:06,False,1.53,2.57
1234,2022-10-23 16:45:23,False,1.53,2.57
1235,2022-10-23 16:45:37,False,1.53,2.57
1236,2022-10-23 16:45:53,False,1.53,2.57
1237,2022-10-23 16:46:08,False,1.53,2.57
1238,2022-10-23 16:46:23,False,1.53,2.57
1239,2022-10-23 16:46:38,False,1.53,2.57
1240,2022-10-23 16:46:53,False,1.53,2.57
1241,2022-10-23 16:47:08,False,1.53,2.57
1242,2022-10-23 16:47:23,False,1.53,2.57
1243,2022-10-23 16:47:38,False,1.53,2.57
1244,2022-10-23 16:47:53,False,1.53,2.57
1245,2022-10-23 16:48:08,False,1.53,2.57
1246,2022-10-23 16:48:23,False,1.53,2.57
1247,2022-10-23 16:48:38,False,1.53,2.57
1248,2022-10-23 16:48:53,False,1.53,2.57
1249,2022-10-23 16:49:08,False,1.53,2.57
1250,2022-10-23 16:49:23,False,1.53,2.57
1251,2022-10-23 16:49:38,False,1.53,2.57
1252,2022-10-23 16:49:53,False,1.53,2.57
1253,2022-10-23 16:50:08,False,1.53,2.57
1254,2022-10-23 16:50:24,False,1.53,2.57
1255,2022-10-23 16:50:38,False,1.53,2.57
1256,2022-10-23 16:50:56,False,1.53,2.57
1257,2022-10-23 16:51:11,False,1.53,2.57
1258,2022-10-23 16:51:26,False,1.53,2.57
1259,2022-10-23 16:51:41,False,1.53,2.57
1260,2022-10-23 16:51:56,False,1.53,2.57
1261,2022-10-23 16:52:11,False,1.53,2.57
1262,2022-10-23 16:52:26,False,1.53,2.57
1263,2022-10-23 16:52:42,False,1.53,2.57
1264,2022-10-23 16:52:57,False,1.53,2.57
1265,2022-10-23 16:53:11,False,1.53,2.57
1266,2022-10-23 16:53:26,False,1.53,2.57
1267,2022-10-23 16:53:41,False,1.53,2.57
1268,2022-10-23 16:53:56,False,1.53,2.57
1269,2022-10-23 16:54:12,False,1.53,2.57
1270,2022-10-23 16:54:28,False,1.53,2.57
1271,2022-10-23 16:54:43,False,1.53,2.57
1272,2022-10-23 16:54:59,False,1.53,2.57
1273,2022-10-23 16:55:16,False,1.53,2.57
1274,2022-10-23 16:55:31,False,1.53,2.57
1275,2022-10-23 16:55:46,False,1.53,2.57
1276,2022-10-23 16:56:01,False,1.53,2.57
1277,2022-10-23 16:56:16,False,1.53,2.57
1278,2022-10-23 16:56:30,False,1.53,2.57
1279,2022-10-23 16:56:45,False,1.53,2.57
1280,2022-10-23 16:57:00,False,1.53,2.57
1281,2022-10-23 16:57:15,False,1.53,2.57
1282,2022-10-23 16:57:33,False,1.53,2.57
1283,2022-10-23 16:57:47,False,1.53,2.57
1284,2022-10-23 16:58:02,False,1.53,2.57
1285,2022-10-23 16:58:17,False,1.53,2.57
1286,2022-10-23 16:58:32,False,1.53,2.57
1287,2022-10-23 16:58:47,False,1.53,2.57
1288,2022-10-23 16:59:01,False,1.53,2.57
1289,2022-10-23 16:59:16,False,1.53,2.57
1290,2022-10-23 16:59:32,False,1.53,2.57
1291,2022-10-23 16:59:47,False,1.53,2.57
1292,2022-10-23 17:00:02,False,1.53,2.57
1293,2022-10-23 17:00:16,False,1.53,2.57
1294,2022-10-23 17:00:31,False,1.53,2.57
1295,2022-10-23 17:00:47,False,1.53,2.57
1296,2022-10-23 17:01:02,False,1.53,2.57
1297,2022-10-23 17:01:17,False,1.53,2.57
1298,2022-10-23 17:01:32,False,1.53,2.57
1299,2022-10-23 17:01:47,False,1.53,2.57
1300,2022-10-23 17:02:01,False,1.53,2.57
1301,2022-10-23 17:02:16,False,1.53,2.57
1302,2022-10-23 17:02:30,False,1.53,2.57
1303,2022-10-23 17:02:45,False,1.53,2.57
1304,2022-10-23 17:03:01,False,1.53,2.57
1305,2022-10-23 17:03:15,False,1.53,2.57
1306,2022-10-23 17:03:30,False,1.53,2.57
1307,2022-10-23 17:03:45,False,1.53,2.57
1308,2022-10-23 17:04:00,False,1.53,2.57
1309,2022-10-23 17:04:14,False,1.53,2.57
1310,2022-10-23 17:04:30,False,1.53,2.57
1311,2022-10-23 17:04:44,False,1.53,2.57
1312,2022-10-23 17:05:00,False,1.53,2.57
1313,2022-10-23 17:05:15,False,1.53,2.57
1314,2022-10-23 17:05:30,False,1.53,2.57
1315,2022-10-23 17:05:45,False,1.53,2.57
1316,2022-10-23 17:06:00,False,1.53,2.57
1317,2022-10-23 17:06:15,False,1.53,2.57
1318,2022-10-23 17:06:29,False,1.53,2.57
1319,2022-10-23 17:06:44,False,1.53,2.57
1320,2022-10-23 17:06:59,False,1.53,2.57
1321,2022-10-23 17:07:14,False,1.53,2.57
1322,2022-10-23 17:07:29,False,1.53,2.57
1323,2022-10-23 17:07:44,False,1.53,2.57
1324,2022-10-23 17:08:00,False,1.53,2.57
1325,2022-10-23 17:08:15,False,1.53,2.57
1326,2022-10-23 17:08:30,False,1.53,2.57
1327,2022-10-23 17:08:44,False,1.53,2.57
1328,2022-10-23 17:08:59,False,1.53,2.57
1329,2022-10-23 17:09:14,False,1.53,2.57
1330,2022-10-23 17:09:29,False,1.53,2.57
1331,2022-10-23 17:09:45,False,1.53,2.57
1332,2022-10-23 17:10:00,False,1.53,2.57
1333,2022-10-23 17:10:16,False,1.53,2.57
1334,2022-10-23 17:10:30,False,1.53,2.57
1335,2022-10-23 17:10:46,False,1.53,2.57
1336,2022-10-23 17:11:01,False,1.53,2.57
1337,2022-10-23 17:11:15,False,1.53,2.57
1338,2022-10-23 17:11:31,False,1.53,2.57
1339,2022-10-23 17:11:46,False,1.53,2.57
1340,2022-10-23 17:12:05,False,1.53,2.57
1341,2022-10-23 17:12:27,False,1.53,2.57
1342,2022-10-23 17:12:42,False,1.53,2.57
1343,2022-10-23 17:12:59,False,1.53,2.57
1344,2022-10-23 17:13:14,False,1.53,2.57
1345,2022-10-23 17:13:29,False,1.53,2.57
1346,2022-10-23 17:14:49,False,1.53,2.57
1347,2022-10-23 17:15:07,False,1.53,2.57
1348,2022-10-23 17:15:30,False,1.53,2.57
1349,2022-10-23 17:15:49,False,1.53,2.57
1350,2022-10-23 17:16:04,False,1.53,2.57
1351,2022-10-23 17:16:19,False,1.53,2.57
1352,2022-10-23 17:16:37,False,1.53,2.57
1353,2022-10-23 17:17:00,False,1.53,2.57
1354,2022-10-23 17:17:15,False,1.53,2.57
1355,2022-10-23 17:17:35,False,1.53,2.57
1356,2022-10-23 17:17:53,False,1.53,2.57
1357,2022-10-23 17:18:08,False,1.53,2.57
1358,2022-10-23 17:18:24,False,1.53,2.57
1359,2022-10-23 17:18:40,False,1.53,2.57
1360,2022-10-23 17:18:55,False,1.53,2.57
1361,2022-10-23 17:19:10,False,1.53,2.57
1362,2022-10-23 17:19:25,False,1.53,2.57
1363,2022-10-23 17:19:42,False,1.53,2.57
1364,2022-10-23 17:19:56,False,1.53,2.57
1365,2022-10-23 17:20:12,False,1.53,2.57
1366,2022-10-23 17:20:27,False,1.53,2.57
1367,2022-10-23 17:20:42,False,1.53,2.57
1368,2022-10-23 17:20:57,False,1.53,2.57
1369,2022-10-23 17:21:12,False,1.53,2.57
1370,2022-10-23 17:21:29,False,1.53,2.57
1371,2022-10-23 17:21:44,False,1.53,2.57
1372,2022-10-23 17:21:58,False,1.53,2.57
1373,2022-10-23 17:22:13,False,1.53,2.57
1374,2022-10-23 17:22:28,False,1.53,2.57
1375,2022-10-23 17:22:42,False,1.53,2.57
1376,2022-10-23 17:22:57,False,1.53,2.57
1377,2022-10-23 17:23:12,False,1.53,2.57
1378,2022-10-23 17:23:27,False,1.53,2.57
1379,2022-10-23 17:23:42,False,1.53,2.57
1380,2022-10-23 17:23:57,False,1.53,2.57
1381,2022-10-23 17:24:12,False,1.53,2.57
1382,2022-10-23 17:24:27,False,1.53,2.57
1383,2022-10-23 17:24:42,False,1.53,2.57
1384,2022-10-23 17:24:59,False,1.53,2.57
1385,2022-10-23 17:25:14,False,1.53,2.57
1386,2022-10-23 17:25:28,False,1.53,2.57
1387,2022-10-23 17:25:44,False,1.53,2.57
1388,2022-10-23 17:25:58,False,1.53,2.57
1389,2022-10-23 17:26:13,False,1.53,2.57
1390,2022-10-23 17:26:29,False,1.53,2.57
1391,2022-10-23 17:26:44,False,1.53,2.57
1392,2022-10-23 17:26:59,False,1.53,2.57
1393,2022-10-23 17:27:14,False,1.53,2.57
1394,2022-10-23 17:27:29,False,1.53,2.57
1395,2022-10-23 17:27:44,False,1.53,2.57
1396,2022-10-23 17:27:59,False,1.53,2.57
1397,2022-10-23 17:28:19,False,1.53,2.57
1398,2022-10-23 17:28:35,False,1.53,2.57
1399,2022-10-23 17:28:51,False,1.53,2.57
1400,2022-10-23 17:29:06,False,1.53,2.57
1401,2022-10-23 17:29:21,False,1.53,2.57
1402,2022-10-23 17:29:35,False,1.53,2.57
1403,2022-10-23 17:29:54,False,1.53,2.57
1404,2022-10-23 17:30:08,False,1.53,2.57
1405,2022-10-23 17:30:24,False,1.53,2.57
1406,2022-10-23 17:30:39,False,1.53,2.57
1407,2022-10-23 17:30:54,False,1.53,2.57
1408,2022-10-23 17:31:09,False,1.53,2.57
1409,2022-10-23 17:31:23,False,1.53,2.57
1410,2022-10-23 17:31:39,False,1.53,2.57
1411,2022-10-23 17:31:54,False,1.53,2.57
1412,2022-10-23 17:32:09,False,1.53,2.57
1413,2022-10-23 17:32:24,False,1.53,2.57
1414,2022-10-23 17:32:39,False,1.53,2.57
1415,2022-10-23 17:32:54,False,1.53,2.57
1416,2022-10-23 17:33:09,False,1.53,2.57
1417,2022-10-23 17:33:23,False,1.53,2.57
1418,2022-10-23 17:33:38,False,1.53,2.57
1419,2022-10-23 17:33:53,False,1.53,2.57
1420,2022-10-23 17:34:07,False,1.53,2.57
1421,2022-10-23 17:34:23,False,1.53,2.57
1422,2022-10-23 17:34:38,False,1.53,2.57
1423,2022-10-23 17:34:53,False,1.53,2.57
1424,2022-10-23 17:35:07,False,1.53,2.57
1425,2022-10-23 17:35:22,False,1.53,2.57
1426,2022-10-23 17:35:37,False,1.53,2.57
1427,2022-10-23 17:35:51,False,1.53,2.57
1428,2022-10-23 17:36:06,False,1.53,2.57
1429,2022-10-23 17:36:22,False,1.53,2.57
1430,2022-10-23 17:36:36,False,1.53,2.57
1431,2022-10-23 17:36:52,False,1.53,2.57
1432,2022-10-23 17:37:07,False,1.53,2.57
1433,2022-10-23 17:37:22,False,1.53,2.57
1434,2022-10-23 17:37:36,False,1.53,2.57
1435,2022-10-23 17:37:51,False,1.53,2.57
1436,2022-10-23 17:38:05,False,1.53,2.57
1437,2022-10-23 17:38:20,False,1.53,2.57
1438,2022-10-23 17:38:34,False,1.53,2.57
1439,2022-10-23 17:38:50,False,1.53,2.57
1440,2022-10-23 17:39:10,False,1.53,2.57
1441,2022-10-23 17:39:26,False,1.53,2.57
1442,2022-10-23 17:39:42,False,1.53,2.57
1443,2022-10-23 17:39:57,False,1.53,2.57
1444,2022-10-23 17:40:12,False,1.53,2.57
1445,2022-10-23 17:40:27,False,1.53,2.57
1446,2022-10-23 17:40:43,False,1.53,2.57
1447,2022-10-23 17:40:58,False,1.53,2.57
1448,2022-10-23 17:41:13,False,1.53,2.57
1449,2022-10-23 17:41:27,False,1.53,2.57
1450,2022-10-23 17:41:43,False,1.53,2.57
1451,2022-10-23 17:41:59,False,1.53,2.57
1452,2022-10-23 17:42:15,False,1.53,2.57
1453,2022-10-23 17:42:32,False,1.53,2.57
1454,2022-10-23 17:42:52,False,1.53,2.57
1455,2022-10-23 17:43:08,False,1.53,2.57
1456,2022-10-23 17:43:24,False,1.53,2.57
1457,2022-10-23 17:43:40,False,1.53,2.57
1458,2022-10-23 17:43:56,False,1.53,2.57
1459,2022-10-23 17:44:11,False,1.53,2.57
1460,2022-10-23 17:44:26,False,1.53,2.57
1461,2022-10-23 17:44:41,False,1.53,2.57
1462,2022-10-23 17:44:56,False,1.53,2.57
1463,2022-10-23 17:45:11,False,1.53,2.57
1464,2022-10-23 17:45:25,False,1.53,2.57
1465,2022-10-23 17:45:40,False,1.53,2.57
1466,2022-10-23 17:45:54,False,1.53,2.57
1467,2022-10-23 17:46:09,False,1.53,2.57
1468,2022-10-23 17:46:24,False,1.53,2.57
1469,2022-10-23 17:46:40,False,1.53,2.57
1470,2022-10-23 17:46:57,False,1.53,2.57
1471,2022-10-23 17:47:12,False,1.53,2.57
1472,2022-10-23 17:47:28,False,1.53,2.57
1473,2022-10-23 17:47:43,False,1.53,2.57
1474,2022-10-23 17:47:58,False,1.53,2.57
1475,2022-10-23 17:48:12,False,1.53,2.57
1476,2022-10-23 17:48:27,False,1.53,2.57
1477,2022-10-23 17:48:43,False,1.53,2.57
1478,2022-10-23 17:48:58,False,1.53,2.57
1479,2022-10-23 17:49:13,False,1.53,2.57
1480,2022-10-23 17:49:29,False,1.53,2.57
1481,2022-10-23 17:49:44,False,1.53,2.57
1482,2022-10-23 17:49:58,False,1.53,2.57
1483,2022-10-23 17:50:13,False,1.53,2.57
1484,2022-10-23 17:50:28,False,1.53,2.57
1485,2022-10-23 17:50:42,False,1.53,2.57
1486,2022-10-23 17:50:57,False,1.53,2.57
1487,2022-10-23 17:51:11,False,1.53,2.57
1488,2022-10-23 17:51:26,False,1.53,2.57
1489,2022-10-23 17:51:40,False,1.53,2.57
1490,2022-10-23 17:51:55,False,1.53,2.57
1491,2022-10-23 17:52:09,False,1.53,2.57
1492,2022-10-23 17:52:24,False,1.53,2.57
1493,2022-10-23 17:52:39,False,1.53,2.57
1494,2022-10-23 17:52:53,False,1.53,2.57
1495,2022-10-23 17:53:08,False,1.53,2.57
1496,2022-10-23 17:53:22,False,1.53,2.57
1497,2022-10-23 17:53:38,False,1.53,2.57
1498,2022-10-23 17:53:54,False,1.53,2.57
1499,2022-10-23 17:54:09,False,1.53,2.57
1500,2022-10-23 17:54:24,False,1.53,2.57
1501,2022-10-23 17:54:38,False,1.53,2.57
1502,2022-10-23 17:54:53,False,1.53,2.57
1503,2022-10-23 17:55:07,False,1.53,2.57
1504,2022-10-23 17:55:21,False,1.53,2.57
1505,2022-10-23 17:55:36,False,1.53,2.57
1506,2022-10-23 17:55:50,False,1.53,2.57
1507,2022-10-23 17:56:05,False,1.53,2.57
1508,2022-10-23 17:56:19,False,1.53,2.57
1509,2022-10-23 17:56:34,False,1.53,2.57
1510,2022-10-23 17:56:48,False,1.53,2.57
1511,2022-10-23 17:57:02,False,1.53,2.57
1512,2022-10-23 17:57:17,False,1.53,2.57
1513,2022-10-23 17:57:32,False,1.53,2.57
1514,2022-10-23 17:57:47,False,1.53,2.57
1515,2022-10-23 17:58:01,False,1.53,2.57
1516,2022-10-23 17:58:18,False,1.53,2.57
1517,2022-10-23 17:58:33,False,1.53,2.57
1518,2022-10-23 17:58:47,False,1.53,2.57
1519,2022-10-23 17:59:02,False,1.53,2.57
1520,2022-10-23 17:59:16,False,1.53,2.57
1521,2022-10-23 17:59:30,False,1.53,2.57
1522,2022-10-23 17:59:45,False,1.53,2.57
1523,2022-10-23 18:00:01,False,1.53,2.57
1524,2022-10-23 18:00:15,False,1.53,2.57
1525,2022-10-23 18:00:30,False,1.53,2.57
1526,2022-10-23 18:00:45,False,1.53,2.57
1527,2022-10-23 18:00:59,False,1.53,2.57
1528,2022-10-23 18:01:14,False,1.53,2.57
1529,2022-10-23 18:01:28,False,1.53,2.57
1530,2022-10-23 18:01:43,False,1.53,2.57
1531,2022-10-23 18:01:58,False,1.53,2.57
1532,2022-10-23 18:02:13,False,1.53,2.57
1533,2022-10-23 18:02:27,False,1.53,2.57
1534,2022-10-23 18:02:43,False,1.53,2.57
1535,2022-10-23 18:03:01,False,1.53,2.57
1536,2022-10-23 18:03:16,False,1.53,2.57
1537,2022-10-23 18:03:30,False,1.53,2.57
1538,2022-10-23 18:03:45,False,1.53,2.57
1539,2022-10-23 18:04:00,False,1.53,2.57
1540,2022-10-23 18:04:15,False,1.53,2.57
1541,2022-10-23 18:04:29,False,1.53,2.57
1542,2022-10-23 18:04:44,False,1.53,2.57
1543,2022-10-23 18:04:58,False,1.53,2.57
1544,2022-10-23 18:05:12,False,1.53,2.57
1545,2022-10-23 18:05:27,False,1.53,2.57
1546,2022-10-23 18:05:41,False,1.53,2.57
1547,2022-10-23 18:05:55,False,1.53,2.57
1548,2022-10-23 18:06:10,False,1.53,2.57
1549,2022-10-23 18:06:24,False,1.53,2.57
1550,2022-10-23 18:06:38,False,1.53,2.57
1551,2022-10-23 18:06:53,False,1.53,2.57
1552,2022-10-23 18:07:07,False,1.53,2.57
1553,2022-10-23 18:07:21,False,1.53,2.57
1554,2022-10-23 18:07:36,False,1.53,2.57
1555,2022-10-23 18:07:51,False,1.53,2.57
1556,2022-10-23 18:08:05,False,1.53,2.57
1557,2022-10-23 18:08:19,False,1.53,2.57
1558,2022-10-23 18:08:33,False,1.53,2.57
1559,2022-10-23 18:08:48,False,1.53,2.57
1560,2022-10-23 18:09:02,False,1.53,2.57
1561,2022-10-23 18:09:16,False,1.53,2.57
1562,2022-10-23 18:09:30,False,1.53,2.57
1563,2022-10-23 18:09:44,False,1.53,2.57
1564,2022-10-23 18:09:59,False,1.53,2.57
1565,2022-10-23 18:10:13,False,1.53,2.57
1566,2022-10-23 18:10:27,False,1.53,2.57
1567,2022-10-23 18:10:41,False,1.53,2.57
1568,2022-10-23 18:10:56,False,1.53,2.57
1569,2022-10-23 18:11:10,False,1.53,2.57
1570,2022-10-23 18:11:25,False,1.53,2.57
1571,2022-10-23 18:11:39,False,1.53,2.57
1572,2022-10-23 18:11:53,False,1.53,2.57
1573,2022-10-23 18:12:07,False,1.53,2.57
1574,2022-10-23 18:12:22,False,1.53,2.57
1575,2022-10-23 18:12:36,False,1.53,2.57
1576,2022-10-23 18:12:50,False,1.53,2.57
1577,2022-10-23 18:13:04,False,1.53,2.57
1578,2022-10-23 18:13:19,False,1.53,2.57
1579,2022-10-23 18:13:33,False,1.53,2.57
1580,2022-10-23 18:13:47,False,1.53,2.57
1581,2022-10-23 18:14:01,False,1.53,2.57
1582,2022-10-23 18:14:16,False,1.53,2.57
1583,2022-10-23 18:14:30,False,1.53,2.57
1584,2022-10-23 18:14:44,False,1.53,2.57
1585,2022-10-23 18:14:58,False,1.53,2.57
1586,2022-10-23 18:15:13,False,1.53,2.57
1587,2022-10-23 18:15:27,False,1.53,2.57
1588,2022-10-23 18:15:41,False,1.53,2.57
1589,2022-10-23 18:15:55,False,1.53,2.57
1590,2022-10-23 18:16:10,False,1.53,2.57
1591,2022-10-23 18:16:27,False,1.53,2.57
1592,2022-10-23 18:16:41,False,1.53,2.57
1593,2022-10-23 18:16:55,False,1.53,2.57
1594,2022-10-23 18:17:09,False,1.53,2.57
1595,2022-10-23 18:17:24,False,1.53,2.57
1596,2022-10-23 18:17:38,False,1.53,2.57
1597,2022-10-23 18:17:52,False,1.53,2.57
1598,2022-10-23 18:18:06,False,1.53,2.57
1599,2022-10-23 18:18:21,False,1.53,2.57
1600,2022-10-23 18:18:35,False,1.53,2.57
1601,2022-10-23 18:18:49,False,1.53,2.57
1602,2022-10-23 18:19:04,False,1.53,2.57
1603,2022-10-23 18:19:18,False,1.53,2.57
1604,2022-10-23 18:19:32,False,1.53,2.57
1605,2022-10-23 18:19:48,False,1.53,2.57
1606,2022-10-23 18:20:02,False,1.53,2.57
1607,2022-10-23 18:20:16,False,1.53,2.57
1608,2022-10-23 18:20:30,False,1.53,2.57
1609,2022-10-23 18:20:45,False,1.53,2.57
1610,2022-10-23 18:20:59,False,1.53,2.57
1611,2022-10-23 18:21:13,False,1.53,2.57
1612,2022-10-23 18:21:27,False,1.53,2.57
1613,2022-10-23 18:21:41,False,1.53,2.57
1614,2022-10-23 18:21:56,False,1.53,2.57
1615,2022-10-23 18:22:10,False,1.53,2.57
1616,2022-10-23 18:22:24,False,1.53,2.57
1617,2022-10-23 18:22:38,False,1.53,2.57
1618,2022-10-23 18:22:52,False,1.53,2.57
1619,2022-10-23 18:23:08,False,1.53,2.57
1620,2022-10-23 18:23:22,False,1.53,2.57
1621,2022-10-23 18:23:36,False,1.53,2.57
1622,2022-10-23 18:23:50,False,1.53,2.57
1623,2022-10-23 18:24:04,False,1.53,2.57
1624,2022-10-23 18:24:18,False,1.53,2.57
1625,2022-10-23 18:24:32,False,1.53,2.57
1626,2022-10-23 18:24:47,False,1.53,2.57
1627,2022-10-23 18:25:01,False,1.53,2.57
1628,2022-10-23 18:25:15,False,1.53,2.57
1629,2022-10-23 18:25:29,False,1.53,2.57
1630,2022-10-23 18:25:43,False,1.53,2.57
1631,2022-10-23 18:25:57,False,1.53,2.57
1632,2022-10-23 18:26:11,False,1.53,2.57
1633,2022-10-23 18:26:26,False,1.53,2.57
1634,2022-10-23 18:26:40,False,1.53,2.57
1635,2022-10-23 18:26:55,False,1.53,2.57
1636,2022-10-23 18:27:09,False,1.53,2.57
1637,2022-10-23 18:27:23,False,1.53,2.57
1638,2022-10-23 18:27:37,False,1.55,2.52
1639,2022-10-23 18:27:52,False,1.55,2.52
1640,2022-10-23 18:28:06,False,1.55,2.52
1641,2022-10-23 18:28:20,False,1.55,2.52
1642,2022-10-23 18:28:34,False,1.55,2.52
1643,2022-10-23 18:28:48,False,1.55,2.52
1644,2022-10-23 18:29:03,False,1.55,2.52
1645,2022-10-23 18:29:17,False,1.55,2.52
1646,2022-10-23 18:29:31,False,1.55,2.52
1647,2022-10-23 18:29:46,False,1.55,2.52
1648,2022-10-23 18:30:00,False,1.55,2.52
1649,2022-10-23 18:30:14,False,1.55,2.52
1650,2022-10-23 18:30:28,False,1.55,2.52
1651,2022-10-23 18:30:43,False,1.55,2.52
1652,2022-10-23 18:30:57,False,1.55,2.52
1653,2022-10-23 18:31:11,False,1.55,2.52
1654,2022-10-23 18:31:25,False,1.55,2.52
1655,2022-10-23 18:31:40,False,1.55,2.52
1656,2022-10-23 18:31:54,False,1.55,2.52
1657,2022-10-23 18:32:09,False,1.55,2.52
1658,2022-10-23 18:32:23,False,1.55,2.52
1659,2022-10-23 18:32:37,False,1.55,2.52
1660,2022-10-23 18:32:51,False,1.55,2.52
1661,2022-10-23 18:33:05,False,1.55,2.52
1662,2022-10-23 18:33:20,False,1.55,2.52
1663,2022-10-23 18:33:34,False,1.55,2.52
1664,2022-10-23 18:33:48,False,1.55,2.52
1665,2022-10-23 18:34:02,False,1.55,2.52
1666,2022-10-23 18:34:16,False,1.55,2.52
1667,2022-10-23 18:34:30,False,1.55,2.52
1668,2022-10-23 18:34:44,False,1.55,2.52
1669,2022-10-23 18:34:59,False,1.55,2.52
1670,2022-10-23 18:35:13,False,1.55,2.52
1671,2022-10-23 18:35:27,False,1.55,2.52
1672,2022-10-23 18:35:41,False,1.55,2.52
1673,2022-10-23 18:35:55,False,1.55,2.52
1674,2022-10-23 18:36:09,False,1.55,2.52
1675,2022-10-23 18:36:23,False,1.55,2.52
1676,2022-10-23 18:36:38,False,1.55,2.52
1677,2022-10-23 18:36:52,False,1.55,2.52
1678,2022-10-23 18:37:06,False,1.55,2.52
1679,2022-10-23 18:37:21,False,1.55,2.52
1680,2022-10-23 18:37:35,False,1.55,2.52
1681,2022-10-23 18:37:49,False,1.55,2.52
1682,2022-10-23 18:38:03,False,1.55,2.52
1683,2022-10-23 18:38:18,False,1.55,2.52
1684,2022-10-23 18:38:34,False,1.55,2.52
1685,2022-10-23 18:38:48,False,1.55,2.52
1686,2022-10-23 18:39:02,False,1.55,2.52
1687,2022-10-23 18:39:16,False,1.55,2.52
1688,2022-10-23 18:46:13,False,1.55,2.52
1689,2022-10-23 18:46:27,False,1.55,2.52
1690,2022-10-23 18:46:40,False,1.55,2.52
1691,2022-10-23 18:46:55,False,1.55,2.52
1692,2022-10-23 18:47:09,False,1.55,2.52
1693,2022-10-23 18:47:23,False,1.55,2.52
1694,2022-10-23 18:47:37,False,1.55,2.52
1695,2022-10-23 18:47:52,False,1.55,2.52
1696,2022-10-23 18:48:07,False,1.55,2.52
1697,2022-10-23 18:48:21,False,1.55,2.52
1698,2022-10-23 18:48:35,False,1.55,2.52
1699,2022-10-23 18:48:49,False,1.55,2.52
1700,2022-10-23 18:49:03,False,1.55,2.52
1701,2022-10-23 18:49:18,False,1.55,2.52
1702,2022-10-23 18:49:32,False,1.55,2.52
1703,2022-10-23 18:49:46,False,1.55,2.52
1704,2022-10-23 18:50:00,False,1.55,2.52
1705,2022-10-23 18:50:15,False,1.55,2.52
1706,2022-10-23 18:50:29,False,1.55,2.52
1707,2022-10-23 18:50:43,False,1.55,2.52
1708,2022-10-23 18:50:57,False,1.55,2.52
1709,2022-10-23 18:51:12,False,1.55,2.52
1710,2022-10-23 18:51:27,False,1.55,2.52
1711,2022-10-23 18:51:41,False,1.55,2.52
1712,2022-10-23 18:51:55,False,1.55,2.52
1713,2022-10-23 18:52:09,False,1.55,2.52
1714,2022-10-23 18:52:23,False,1.55,2.52
1715,2022-10-23 18:52:38,False,1.55,2.52
1716,2022-10-23 18:52:52,False,1.55,2.52
1717,2022-10-23 18:53:06,False,1.55,2.52
1718,2022-10-23 18:53:20,False,1.55,2.52
1719,2022-10-23 18:53:34,False,1.55,2.52
1720,2022-10-23 18:53:48,False,1.55,2.52
1721,2022-10-23 18:54:03,False,1.55,2.52
1722,2022-10-23 18:54:17,False,1.55,2.52
1723,2022-10-23 18:54:32,False,1.55,2.52
1724,2022-10-23 18:54:46,False,1.55,2.52
1725,2022-10-23 18:55:00,False,1.55,2.52
1726,2022-10-23 18:55:14,False,1.55,2.52
1727,2022-10-23 18:55:29,False,1.55,2.52
1728,2022-10-23 18:55:43,False,1.55,2.52
1729,2022-10-23 18:55:57,False,1.55,2.52
1730,2022-10-23 18:56:11,False,1.55,2.52
1731,2022-10-23 18:56:25,False,1.55,2.52
1732,2022-10-23 18:56:40,False,1.55,2.52
1733,2022-10-23 18:56:54,False,1.55,2.52
1734,2022-10-23 18:57:09,False,1.55,2.52
1735,2022-10-23 18:57:23,False,1.55,2.52
1736,2022-10-23 18:57:37,False,1.55,2.52
1737,2022-10-23 18:57:51,False,1.55,2.52
1738,2022-10-23 18:58:05,False,1.55,2.52
1739,2022-10-23 18:58:19,False,1.55,2.52
1740,2022-10-23 18:58:33,False,1.55,2.52
1741,2022-10-23 18:58:48,False,1.55,2.52
1742,2022-10-23 18:59:02,False,1.55,2.52
1743,2022-10-23 18:59:16,False,1.55,2.52
1744,2022-10-23 18:59:30,False,1.55,2.52
1745,2022-10-23 18:59:44,False,1.55,2.52
1746,2022-10-23 19:00:00,False,1.55,2.52
1747,2022-10-23 19:00:14,False,1.55,2.52
1748,2022-10-23 19:00:29,False,1.55,2.52
1749,2022-10-23 19:00:43,False,1.55,2.52
1750,2022-10-23 19:00:58,False,1.55,2.52
1751,2022-10-23 19:01:12,False,1.55,2.52
1752,2022-10-23 19:01:26,False,1.55,2.52
1753,2022-10-23 19:01:40,False,1.55,2.52
1754,2022-10-23 19:01:54,False,1.55,2.52
1755,2022-10-23 19:02:09,False,1.55,2.52
1756,2022-10-23 19:02:23,False,1.55,2.52
1757,2022-10-23 19:02:37,False,1.55,2.52
1758,2022-10-23 19:02:51,False,1.55,2.52
1759,2022-10-23 19:03:06,False,1.55,2.52
1760,2022-10-23 19:03:20,False,1.55,2.52
1761,2022-10-23 19:03:34,False,1.55,2.52
1762,2022-10-23 19:03:48,False,1.55,2.52
1763,2022-10-23 19:04:02,False,1.55,2.52
1764,2022-10-23 19:04:16,False,1.55,2.52
1765,2022-10-23 19:04:31,False,1.55,2.52
1766,2022-10-23 19:04:45,False,1.55,2.52
1767,2022-10-23 19:04:59,False,1.55,2.52
1768,2022-10-23 19:05:13,False,1.55,2.52
1769,2022-10-23 19:05:29,False,1.55,2.52
1770,2022-10-23 19:05:45,False,1.55,2.52
1771,2022-10-23 19:06:00,False,1.55,2.52
1772,2022-10-23 19:06:14,False,1.55,2.52
1773,2022-10-23 19:06:28,False,1.55,2.52
1774,2022-10-23 19:06:42,False,1.55,2.52
1775,2022-10-23 19:06:56,False,1.55,2.52
1776,2022-10-23 19:07:11,False,1.55,2.52
1777,2022-10-23 19:07:25,False,1.55,2.52
1778,2022-10-23 19:07:39,False,1.55,2.52
1779,2022-10-23 19:07:53,False,1.55,2.52
1780,2022-10-23 19:08:08,False,1.55,2.52
1781,2022-10-23 19:08:22,False,1.55,2.52
1782,2022-10-23 19:08:36,False,1.55,2.52
1783,2022-10-23 19:08:50,False,1.55,2.52
1784,2022-10-23 19:09:04,False,1.55,2.52
1785,2022-10-23 19:09:18,False,1.55,2.52
1786,2022-10-23 19:09:33,False,1.55,2.52
1787,2022-10-23 19:09:47,False,1.55,2.52
1788,2022-10-23 19:10:01,False,1.55,2.52
1789,2022-10-23 19:10:15,False,1.55,2.52
1790,2022-10-23 19:10:29,False,1.55,2.52
1791,2022-10-23 19:10:43,False,1.55,2.52
1792,2022-10-23 19:10:59,False,1.55,2.52
1793,2022-10-23 19:11:13,False,1.55,2.52
1794,2022-10-23 19:11:27,False,1.55,2.52
1795,2022-10-23 19:11:41,False,1.55,2.52
1796,2022-10-23 19:11:55,False,1.55,2.52
1797,2022-10-23 19:12:10,False,1.55,2.52
1798,2022-10-23 19:12:24,False,1.55,2.52
1799,2022-10-23 19:12:38,False,1.55,2.52
1800,2022-10-23 19:12:52,False,1.55,2.52
1801,2022-10-23 19:13:06,False,1.55,2.52
1802,2022-10-23 19:13:20,False,1.55,2.52
1803,2022-10-23 19:13:35,False,1.55,2.52
1804,2022-10-23 19:13:49,False,1.55,2.52
1805,2022-10-23 19:14:03,False,1.55,2.52
1806,2022-10-23 19:14:18,False,1.55,2.52
1807,2022-10-23 19:14:33,False,1.55,2.52
1808,2022-10-23 19:14:47,False,1.55,2.52
1809,2022-10-23 19:15:01,False,1.55,2.52
1810,2022-10-23 19:15:15,False,1.55,2.52
1811,2022-10-23 19:15:29,False,1.55,2.52
1812,2022-10-23 19:15:44,False,1.55,2.52
1813,2022-10-23 19:15:58,False,1.55,2.52
1814,2022-10-23 19:16:12,False,1.55,2.52
1815,2022-10-23 19:16:26,False,1.55,2.52
1816,2022-10-23 19:16:40,False,1.55,2.52
1817,2022-10-23 19:16:55,False,1.55,2.52
1818,2022-10-23 19:17:09,False,1.55,2.52
1819,2022-10-23 19:17:23,False,1.55,2.52
1820,2022-10-23 19:17:38,False,1.55,2.52
1821,2022-10-23 19:17:53,False,1.55,2.52
1822,2022-10-23 19:18:07,False,1.55,2.52
1823,2022-10-23 19:18:21,False,1.55,2.52
1824,2022-10-23 19:18:35,False,1.55,2.52
1825,2022-10-23 19:18:49,False,1.55,2.52
1826,2022-10-23 19:19:04,False,1.55,2.52
1827,2022-10-23 19:19:18,False,1.55,2.52
1828,2022-10-23 19:19:32,False,1.55,2.52
1829,2022-10-23 19:19:46,False,1.55,2.52
1830,2022-10-23 19:20:01,False,1.55,2.52
1831,2022-10-23 19:20:15,False,1.55,2.52
1832,2022-10-23 19:20:29,False,1.55,2.52
1833,2022-10-23 19:20:43,False,1.55,2.52
1834,2022-10-23 19:20:58,False,1.55,2.52
1835,2022-10-23 19:21:12,False,1.55,2.52
1836,2022-10-23 19:21:26,False,1.55,2.52
1837,2022-10-23 19:21:41,False,1.55,2.52
1838,2022-10-23 19:21:55,False,1.55,2.52
1839,2022-10-23 19:22:09,False,1.55,2.52
1840,2022-10-23 19:22:23,False,1.55,2.52
1841,2022-10-23 19:22:37,False,1.55,2.52
1842,2022-10-23 19:22:51,False,1.55,2.52
1843,2022-10-23 19:23:06,False,1.55,2.52
1844,2022-10-23 19:23:20,False,1.55,2.52
1845,2022-10-23 19:23:34,False,1.55,2.52
1846,2022-10-23 19:23:48,False,1.55,2.52
1847,2022-10-23 19:24:02,False,1.55,2.52
1848,2022-10-23 19:24:16,False,1.55,2.52
1849,2022-10-23 19:24:30,False,1.55,2.52
1850,2022-10-23 19:24:45,False,1.55,2.52
1851,2022-10-23 22:04:07,False,1.55,2.52
1852,2022-10-23 22:04:21,False,1.55,2.52
1853,2022-10-23 22:04:36,False,1.55,2.52
1854,2022-10-23 22:04:50,False,1.55,2.52
1855,2022-10-23 22:05:04,False,1.55,2.52
1856,2022-10-23 22:05:18,False,1.55,2.52
1857,2022-10-23 22:05:32,False,1.55,2.52
1858,2022-10-23 22:05:47,False,1.55,2.52
1859,2022-10-23 22:10:53,False,1.55,2.52
1860,2022-10-23 22:11:08,False,1.55,2.52
1861,2022-10-23 22:11:34,False,1.55,2.52
1862,2022-10-23 22:11:48,False,1.55,2.52
1863,2022-10-23 22:12:04,False,1.55,2.52
1864,2022-10-23 22:12:22,False,1.55,2.52
1865,2022-10-23 22:12:37,False,1.55,2.52
1866,2022-10-23 22:12:52,False,1.55,2.52
1867,2022-10-23 22:13:06,False,1.55,2.52
1868,2022-10-23 22:13:21,False,1.55,2.52
1869,2022-10-23 22:13:36,False,1.55,2.52
1870,2022-10-23 22:13:51,False,1.55,2.52
1871,2022-10-23 22:14:06,False,1.55,2.52
1872,2022-10-23 22:14:20,False,1.55,2.52
1873,2022-10-23 22:14:35,False,1.55,2.52
1874,2022-10-23 22:14:49,False,1.55,2.52
1875,2022-10-23 22:15:03,False,1.55,2.52
1876,2022-10-23 22:16:03,False,1.55,2.52
